CREATE TABLE IF NOT EXISTS "app_author" ("id" integer NOT NULL PRIMARY KEY AUTOINCREMENT, "name" varchar(50) NULL, "about_author" text NOT NULL, "author_profile" varchar(100) NOT NULL, "author_role" varchar(200) NULL);
INSERT INTO "app_author" VALUES(1,'Abhinav','Meet Abhinav, a skilled web developer and an experienced instructor who is passionate about teaching Java to aspiring developers. With years of experience in web development and a deep understanding of Java programming, Abhinav is equipped with the knowledge and expertise to guide students in their journey to becoming proficient Java developers. Abhinav''s teaching style is interactive, engaging, and tailored to meet the needs of each individual student, ensuring that they not only understand the concepts but also know how to apply them in real-world scenarios. Whether you are a beginner or an intermediate-level developer, Abhinav''s course on Java is an excellent opportunity to sharpen your skills and enhance your knowledge of this powerful programming language.','media/author/1673052869815.jpeg','Web Developer');
CREATE UNIQUE INDEX "auth_group_permissions_group_id_permission_id_0cd325b0_uniq" ON "auth_group_permissions" ("group_id", "permission_id");
CREATE INDEX IF NOT EXISTS "auth_group_permissions_group_id_b120cbf9" ON "auth_group_permissions" ("group_id");
CREATE INDEX IF NOT EXISTS "auth_group_permissions_permission_id_84c5c92e" ON "auth_group_permissions" ("permission_id");
CREATE UNIQUE INDEX "auth_user_groups_user_id_group_id_94350c0c_uniq" ON "auth_user_groups" ("user_id", "group_id");
CREATE INDEX IF NOT EXISTS "auth_user_groups_user_id_6a12ed8b" ON "auth_user_groups" ("user_id");
CREATE INDEX IF NOT EXISTS "auth_user_groups_group_id_97559544" ON "auth_user_groups" ("group_id");
CREATE UNIQUE INDEX "auth_user_user_permissions_user_id_permission_id_14a6b632_uniq" ON "auth_user_user_permissions" ("user_id", "permission_id");
CREATE INDEX IF NOT EXISTS "auth_user_user_permissions_user_id_a95ead1b" ON "auth_user_user_permissions" ("user_id");
CREATE INDEX IF NOT EXISTS "auth_user_user_permissions_permission_id_1fbb5f2c" ON "auth_user_user_permissions" ("permission_id");
CREATE INDEX IF NOT EXISTS "django_admin_log_content_type_id_c4bce8eb" ON "django_admin_log" ("content_type_id");
CREATE INDEX IF NOT EXISTS "django_admin_log_user_id_c564eba6" ON "django_admin_log" ("user_id");
CREATE UNIQUE INDEX "django_content_type_app_label_model_76bd3d3b_uniq" ON "django_content_type" ("app_label", "model");
CREATE UNIQUE INDEX "auth_permission_content_type_id_codename_01ab375a_uniq" ON "auth_permission" ("content_type_id", "codename");
CREATE INDEX IF NOT EXISTS "auth_permission_content_type_id_2f476e4b" ON "auth_permission" ("content_type_id");
CREATE INDEX IF NOT EXISTS "django_session_expire_date_a5c62663" ON "django_session" ("expire_date");
CREATE INDEX IF NOT EXISTS "app_learning_point_course_id_0e781780" ON "app_learning_point" ("course_id");
CREATE INDEX IF NOT EXISTS "app_requirement_point_course_id_841845a5" ON "app_requirement_point" ("course_id");
CREATE INDEX IF NOT EXISTS "app_usercourse_course_id_2dbf1e09" ON "app_usercourse" ("course_id");
CREATE INDEX IF NOT EXISTS "app_usercourse_user_id_f3827ad3" ON "app_usercourse" ("user_id");
CREATE INDEX IF NOT EXISTS "app_courses_Author_id_760bb8eb" ON "app_courses" ("Author_id");
CREATE INDEX IF NOT EXISTS "app_courses_category_id_ce07a76a" ON "app_courses" ("category_id");
CREATE INDEX IF NOT EXISTS "app_courses_level_id_57105f21" ON "app_courses" ("level_id");
CREATE INDEX IF NOT EXISTS "app_courses_slug_0094ef84" ON "app_courses" ("slug");
CREATE UNIQUE INDEX "app_usercourse_user_id_course_id_631d7ffa_uniq" ON "app_usercourse" ("user_id", "course_id");
CREATE INDEX IF NOT EXISTS "app_lessons_course_id_cdf5758e" ON "app_lessons" ("course_id");
CREATE INDEX IF NOT EXISTS "app_video_course_id_4adbcee9" ON "app_video" ("course_id");
CREATE INDEX IF NOT EXISTS "app_video_lesson_id_a691406e" ON "app_video" ("lesson_id");
CREATE TABLE IF NOT EXISTS "app_categories" ("id" integer NOT NULL PRIMARY KEY AUTOINCREMENT, "icon" varchar(200) NULL, "name" varchar(200) NOT NULL);
INSERT INTO "app_categories" VALUES(1,'fa-brands fa-python','Python');
INSERT INTO "app_categories" VALUES(2,'fa-brands fa-java','Java');
INSERT INTO "app_categories" VALUES(3,'fa-solid fa-database','MySQL');
INSERT INTO "app_categories" VALUES(4,'fa-solid fa-flask','Science');
CREATE UNIQUE INDEX "auth_group_permissions_group_id_permission_id_0cd325b0_uniq" ON "auth_group_permissions" ("group_id", "permission_id");
CREATE INDEX IF NOT EXISTS "auth_group_permissions_group_id_b120cbf9" ON "auth_group_permissions" ("group_id");
CREATE INDEX IF NOT EXISTS "auth_group_permissions_permission_id_84c5c92e" ON "auth_group_permissions" ("permission_id");
CREATE UNIQUE INDEX "auth_user_groups_user_id_group_id_94350c0c_uniq" ON "auth_user_groups" ("user_id", "group_id");
CREATE INDEX IF NOT EXISTS "auth_user_groups_user_id_6a12ed8b" ON "auth_user_groups" ("user_id");
CREATE INDEX IF NOT EXISTS "auth_user_groups_group_id_97559544" ON "auth_user_groups" ("group_id");
CREATE UNIQUE INDEX "auth_user_user_permissions_user_id_permission_id_14a6b632_uniq" ON "auth_user_user_permissions" ("user_id", "permission_id");
CREATE INDEX IF NOT EXISTS "auth_user_user_permissions_user_id_a95ead1b" ON "auth_user_user_permissions" ("user_id");
CREATE INDEX IF NOT EXISTS "auth_user_user_permissions_permission_id_1fbb5f2c" ON "auth_user_user_permissions" ("permission_id");
CREATE INDEX IF NOT EXISTS "django_admin_log_content_type_id_c4bce8eb" ON "django_admin_log" ("content_type_id");
CREATE INDEX IF NOT EXISTS "django_admin_log_user_id_c564eba6" ON "django_admin_log" ("user_id");
CREATE UNIQUE INDEX "django_content_type_app_label_model_76bd3d3b_uniq" ON "django_content_type" ("app_label", "model");
CREATE UNIQUE INDEX "auth_permission_content_type_id_codename_01ab375a_uniq" ON "auth_permission" ("content_type_id", "codename");
CREATE INDEX IF NOT EXISTS "auth_permission_content_type_id_2f476e4b" ON "auth_permission" ("content_type_id");
CREATE INDEX IF NOT EXISTS "django_session_expire_date_a5c62663" ON "django_session" ("expire_date");
CREATE INDEX IF NOT EXISTS "app_learning_point_course_id_0e781780" ON "app_learning_point" ("course_id");
CREATE INDEX IF NOT EXISTS "app_requirement_point_course_id_841845a5" ON "app_requirement_point" ("course_id");
CREATE INDEX IF NOT EXISTS "app_usercourse_course_id_2dbf1e09" ON "app_usercourse" ("course_id");
CREATE INDEX IF NOT EXISTS "app_usercourse_user_id_f3827ad3" ON "app_usercourse" ("user_id");
CREATE INDEX IF NOT EXISTS "app_courses_Author_id_760bb8eb" ON "app_courses" ("Author_id");
CREATE INDEX IF NOT EXISTS "app_courses_category_id_ce07a76a" ON "app_courses" ("category_id");
CREATE INDEX IF NOT EXISTS "app_courses_level_id_57105f21" ON "app_courses" ("level_id");
CREATE INDEX IF NOT EXISTS "app_courses_slug_0094ef84" ON "app_courses" ("slug");
CREATE UNIQUE INDEX "app_usercourse_user_id_course_id_631d7ffa_uniq" ON "app_usercourse" ("user_id", "course_id");
CREATE INDEX IF NOT EXISTS "app_lessons_course_id_cdf5758e" ON "app_lessons" ("course_id");
CREATE INDEX IF NOT EXISTS "app_video_course_id_4adbcee9" ON "app_video" ("course_id");
CREATE INDEX IF NOT EXISTS "app_video_lesson_id_a691406e" ON "app_video" ("lesson_id");
CREATE TABLE IF NOT EXISTS "app_courses" ("id" integer NOT NULL PRIMARY KEY AUTOINCREMENT, "featured_image" varchar(100) NULL, "featured_video" varchar(100) NULL, "title" varchar(200) NOT NULL, "created_at" datetime NOT NULL, "description" text NOT NULL, "price" integer NULL, "discount" integer NULL, "status" varchar(100) NULL, "Author_id" bigint NULL REFERENCES "app_author" ("id") DEFERRABLE INITIALLY DEFERRED, "category_id" bigint NOT NULL REFERENCES "app_categories" ("id") DEFERRABLE INITIALLY DEFERRED, "level_id" bigint NOT NULL REFERENCES "app_level" ("id") DEFERRABLE INITIALLY DEFERRED, "language" varchar(200) NULL, "certificate" varchar(100) NULL, "slug" varchar(500) NULL);
INSERT INTO "app_courses" VALUES(1,'media/featured_img/7482college625.png.webp','rvqVGgCjz-M','Chapter 1 | Physics','2023-04-19 05:09:31.824557','This is a lecture video including notes and everything for the students required',200,10,'PUBLISH',1,4,1,'English','No','chapter1physics');
INSERT INTO "app_courses" VALUES(2,'media/featured_img/7482college625.png_ATFPyx6.webp','11K0PueCtfp7qxVG-67PC9UTM1rhnPboF','Chapter 1 | Java','2023-05-02 10:00:12.127016','java ki video h ye',5999,100,'PUBLISH',1,2,2,'English','No','chapter-1-java');
CREATE UNIQUE INDEX "auth_group_permissions_group_id_permission_id_0cd325b0_uniq" ON "auth_group_permissions" ("group_id", "permission_id");
CREATE INDEX IF NOT EXISTS "auth_group_permissions_group_id_b120cbf9" ON "auth_group_permissions" ("group_id");
CREATE INDEX IF NOT EXISTS "auth_group_permissions_permission_id_84c5c92e" ON "auth_group_permissions" ("permission_id");
CREATE UNIQUE INDEX "auth_user_groups_user_id_group_id_94350c0c_uniq" ON "auth_user_groups" ("user_id", "group_id");
CREATE INDEX IF NOT EXISTS "auth_user_groups_user_id_6a12ed8b" ON "auth_user_groups" ("user_id");
CREATE INDEX IF NOT EXISTS "auth_user_groups_group_id_97559544" ON "auth_user_groups" ("group_id");
CREATE UNIQUE INDEX "auth_user_user_permissions_user_id_permission_id_14a6b632_uniq" ON "auth_user_user_permissions" ("user_id", "permission_id");
CREATE INDEX IF NOT EXISTS "auth_user_user_permissions_user_id_a95ead1b" ON "auth_user_user_permissions" ("user_id");
CREATE INDEX IF NOT EXISTS "auth_user_user_permissions_permission_id_1fbb5f2c" ON "auth_user_user_permissions" ("permission_id");
CREATE INDEX IF NOT EXISTS "django_admin_log_content_type_id_c4bce8eb" ON "django_admin_log" ("content_type_id");
CREATE INDEX IF NOT EXISTS "django_admin_log_user_id_c564eba6" ON "django_admin_log" ("user_id");
CREATE UNIQUE INDEX "django_content_type_app_label_model_76bd3d3b_uniq" ON "django_content_type" ("app_label", "model");
CREATE UNIQUE INDEX "auth_permission_content_type_id_codename_01ab375a_uniq" ON "auth_permission" ("content_type_id", "codename");
CREATE INDEX IF NOT EXISTS "auth_permission_content_type_id_2f476e4b" ON "auth_permission" ("content_type_id");
CREATE INDEX IF NOT EXISTS "django_session_expire_date_a5c62663" ON "django_session" ("expire_date");
CREATE INDEX IF NOT EXISTS "app_learning_point_course_id_0e781780" ON "app_learning_point" ("course_id");
CREATE INDEX IF NOT EXISTS "app_requirement_point_course_id_841845a5" ON "app_requirement_point" ("course_id");
CREATE INDEX IF NOT EXISTS "app_usercourse_course_id_2dbf1e09" ON "app_usercourse" ("course_id");
CREATE INDEX IF NOT EXISTS "app_usercourse_user_id_f3827ad3" ON "app_usercourse" ("user_id");
CREATE INDEX IF NOT EXISTS "app_courses_Author_id_760bb8eb" ON "app_courses" ("Author_id");
CREATE INDEX IF NOT EXISTS "app_courses_category_id_ce07a76a" ON "app_courses" ("category_id");
CREATE INDEX IF NOT EXISTS "app_courses_level_id_57105f21" ON "app_courses" ("level_id");
CREATE INDEX IF NOT EXISTS "app_courses_slug_0094ef84" ON "app_courses" ("slug");
CREATE UNIQUE INDEX "app_usercourse_user_id_course_id_631d7ffa_uniq" ON "app_usercourse" ("user_id", "course_id");
CREATE INDEX IF NOT EXISTS "app_lessons_course_id_cdf5758e" ON "app_lessons" ("course_id");
CREATE INDEX IF NOT EXISTS "app_video_course_id_4adbcee9" ON "app_video" ("course_id");
CREATE INDEX IF NOT EXISTS "app_video_lesson_id_a691406e" ON "app_video" ("lesson_id");
CREATE TABLE IF NOT EXISTS "app_institute" ("id" integer NOT NULL PRIMARY KEY AUTOINCREMENT, "name" varchar(100) NULL, "address" varchar(500) NOT NULL, "phone" bigint NOT NULL, "email" varchar(254) NOT NULL, "portal_name" varchar(100) NOT NULL, "sub_text" varchar(200) NOT NULL, "logo" varchar(100) NOT NULL, "status" varchar(100) NULL);
INSERT INTO "app_institute" VALUES(1,'NotionEd','58/Tibra, B.B.Nagar Bulandshahr 203402',9520671758,'hello@notiontrail.in','NotionEd','Empower Your Mind.','media/institute/logos/Screenshot_2023-05-08_at_1.05.13_PM.webp','Active');
CREATE UNIQUE INDEX "auth_group_permissions_group_id_permission_id_0cd325b0_uniq" ON "auth_group_permissions" ("group_id", "permission_id");
CREATE INDEX IF NOT EXISTS "auth_group_permissions_group_id_b120cbf9" ON "auth_group_permissions" ("group_id");
CREATE INDEX IF NOT EXISTS "auth_group_permissions_permission_id_84c5c92e" ON "auth_group_permissions" ("permission_id");
CREATE UNIQUE INDEX "auth_user_groups_user_id_group_id_94350c0c_uniq" ON "auth_user_groups" ("user_id", "group_id");
CREATE INDEX IF NOT EXISTS "auth_user_groups_user_id_6a12ed8b" ON "auth_user_groups" ("user_id");
CREATE INDEX IF NOT EXISTS "auth_user_groups_group_id_97559544" ON "auth_user_groups" ("group_id");
CREATE UNIQUE INDEX "auth_user_user_permissions_user_id_permission_id_14a6b632_uniq" ON "auth_user_user_permissions" ("user_id", "permission_id");
CREATE INDEX IF NOT EXISTS "auth_user_user_permissions_user_id_a95ead1b" ON "auth_user_user_permissions" ("user_id");
CREATE INDEX IF NOT EXISTS "auth_user_user_permissions_permission_id_1fbb5f2c" ON "auth_user_user_permissions" ("permission_id");
CREATE INDEX IF NOT EXISTS "django_admin_log_content_type_id_c4bce8eb" ON "django_admin_log" ("content_type_id");
CREATE INDEX IF NOT EXISTS "django_admin_log_user_id_c564eba6" ON "django_admin_log" ("user_id");
CREATE UNIQUE INDEX "django_content_type_app_label_model_76bd3d3b_uniq" ON "django_content_type" ("app_label", "model");
CREATE UNIQUE INDEX "auth_permission_content_type_id_codename_01ab375a_uniq" ON "auth_permission" ("content_type_id", "codename");
CREATE INDEX IF NOT EXISTS "auth_permission_content_type_id_2f476e4b" ON "auth_permission" ("content_type_id");
CREATE INDEX IF NOT EXISTS "django_session_expire_date_a5c62663" ON "django_session" ("expire_date");
CREATE INDEX IF NOT EXISTS "app_learning_point_course_id_0e781780" ON "app_learning_point" ("course_id");
CREATE INDEX IF NOT EXISTS "app_requirement_point_course_id_841845a5" ON "app_requirement_point" ("course_id");
CREATE INDEX IF NOT EXISTS "app_usercourse_course_id_2dbf1e09" ON "app_usercourse" ("course_id");
CREATE INDEX IF NOT EXISTS "app_usercourse_user_id_f3827ad3" ON "app_usercourse" ("user_id");
CREATE INDEX IF NOT EXISTS "app_courses_Author_id_760bb8eb" ON "app_courses" ("Author_id");
CREATE INDEX IF NOT EXISTS "app_courses_category_id_ce07a76a" ON "app_courses" ("category_id");
CREATE INDEX IF NOT EXISTS "app_courses_level_id_57105f21" ON "app_courses" ("level_id");
CREATE INDEX IF NOT EXISTS "app_courses_slug_0094ef84" ON "app_courses" ("slug");
CREATE UNIQUE INDEX "app_usercourse_user_id_course_id_631d7ffa_uniq" ON "app_usercourse" ("user_id", "course_id");
CREATE INDEX IF NOT EXISTS "app_lessons_course_id_cdf5758e" ON "app_lessons" ("course_id");
CREATE INDEX IF NOT EXISTS "app_video_course_id_4adbcee9" ON "app_video" ("course_id");
CREATE INDEX IF NOT EXISTS "app_video_lesson_id_a691406e" ON "app_video" ("lesson_id");
CREATE TABLE IF NOT EXISTS "app_learning_point" ("id" integer NOT NULL PRIMARY KEY AUTOINCREMENT, "course_id" bigint NOT NULL REFERENCES "app_courses" ("id") DEFERRABLE INITIALLY DEFERRED, "points" varchar(500) NOT NULL);
INSERT INTO "app_learning_point" VALUES(1,2,'Become a UI/UX designer.');
INSERT INTO "app_learning_point" VALUES(2,2,'You will be able to start earning money skills.');
INSERT INTO "app_learning_point" VALUES(3,2,'Build a UI project from beginning to end.');
INSERT INTO "app_learning_point" VALUES(4,2,'Work with colors & fonts.');
INSERT INTO "app_learning_point" VALUES(5,2,'You will create your own UI Kit.');
INSERT INTO "app_learning_point" VALUES(6,2,'Build & test a complete mobile app.');
INSERT INTO "app_learning_point" VALUES(7,2,'Learn to design mobile apps & websites.');
INSERT INTO "app_learning_point" VALUES(8,2,'Design 3 different logos.');
INSERT INTO "app_learning_point" VALUES(9,2,'Create low-fidelity wireframe.');
INSERT INTO "app_learning_point" VALUES(10,2,'Downloadable exercise files.');
CREATE UNIQUE INDEX "auth_group_permissions_group_id_permission_id_0cd325b0_uniq" ON "auth_group_permissions" ("group_id", "permission_id");
CREATE INDEX IF NOT EXISTS "auth_group_permissions_group_id_b120cbf9" ON "auth_group_permissions" ("group_id");
CREATE INDEX IF NOT EXISTS "auth_group_permissions_permission_id_84c5c92e" ON "auth_group_permissions" ("permission_id");
CREATE UNIQUE INDEX "auth_user_groups_user_id_group_id_94350c0c_uniq" ON "auth_user_groups" ("user_id", "group_id");
CREATE INDEX IF NOT EXISTS "auth_user_groups_user_id_6a12ed8b" ON "auth_user_groups" ("user_id");
CREATE INDEX IF NOT EXISTS "auth_user_groups_group_id_97559544" ON "auth_user_groups" ("group_id");
CREATE UNIQUE INDEX "auth_user_user_permissions_user_id_permission_id_14a6b632_uniq" ON "auth_user_user_permissions" ("user_id", "permission_id");
CREATE INDEX IF NOT EXISTS "auth_user_user_permissions_user_id_a95ead1b" ON "auth_user_user_permissions" ("user_id");
CREATE INDEX IF NOT EXISTS "auth_user_user_permissions_permission_id_1fbb5f2c" ON "auth_user_user_permissions" ("permission_id");
CREATE INDEX IF NOT EXISTS "django_admin_log_content_type_id_c4bce8eb" ON "django_admin_log" ("content_type_id");
CREATE INDEX IF NOT EXISTS "django_admin_log_user_id_c564eba6" ON "django_admin_log" ("user_id");
CREATE UNIQUE INDEX "django_content_type_app_label_model_76bd3d3b_uniq" ON "django_content_type" ("app_label", "model");
CREATE UNIQUE INDEX "auth_permission_content_type_id_codename_01ab375a_uniq" ON "auth_permission" ("content_type_id", "codename");
CREATE INDEX IF NOT EXISTS "auth_permission_content_type_id_2f476e4b" ON "auth_permission" ("content_type_id");
CREATE INDEX IF NOT EXISTS "django_session_expire_date_a5c62663" ON "django_session" ("expire_date");
CREATE INDEX IF NOT EXISTS "app_learning_point_course_id_0e781780" ON "app_learning_point" ("course_id");
CREATE INDEX IF NOT EXISTS "app_requirement_point_course_id_841845a5" ON "app_requirement_point" ("course_id");
CREATE INDEX IF NOT EXISTS "app_usercourse_course_id_2dbf1e09" ON "app_usercourse" ("course_id");
CREATE INDEX IF NOT EXISTS "app_usercourse_user_id_f3827ad3" ON "app_usercourse" ("user_id");
CREATE INDEX IF NOT EXISTS "app_courses_Author_id_760bb8eb" ON "app_courses" ("Author_id");
CREATE INDEX IF NOT EXISTS "app_courses_category_id_ce07a76a" ON "app_courses" ("category_id");
CREATE INDEX IF NOT EXISTS "app_courses_level_id_57105f21" ON "app_courses" ("level_id");
CREATE INDEX IF NOT EXISTS "app_courses_slug_0094ef84" ON "app_courses" ("slug");
CREATE UNIQUE INDEX "app_usercourse_user_id_course_id_631d7ffa_uniq" ON "app_usercourse" ("user_id", "course_id");
CREATE INDEX IF NOT EXISTS "app_lessons_course_id_cdf5758e" ON "app_lessons" ("course_id");
CREATE INDEX IF NOT EXISTS "app_video_course_id_4adbcee9" ON "app_video" ("course_id");
CREATE INDEX IF NOT EXISTS "app_video_lesson_id_a691406e" ON "app_video" ("lesson_id");
CREATE TABLE IF NOT EXISTS "app_lessons" ("id" integer NOT NULL PRIMARY KEY AUTOINCREMENT, "name" varchar(200) NOT NULL, "course_id" bigint NOT NULL REFERENCES "app_courses" ("id") DEFERRABLE INITIALLY DEFERRED);
INSERT INTO "app_lessons" VALUES(1,'Introduction',2);
INSERT INTO "app_lessons" VALUES(2,'Basic Setup',2);
CREATE UNIQUE INDEX "auth_group_permissions_group_id_permission_id_0cd325b0_uniq" ON "auth_group_permissions" ("group_id", "permission_id");
CREATE INDEX IF NOT EXISTS "auth_group_permissions_group_id_b120cbf9" ON "auth_group_permissions" ("group_id");
CREATE INDEX IF NOT EXISTS "auth_group_permissions_permission_id_84c5c92e" ON "auth_group_permissions" ("permission_id");
CREATE UNIQUE INDEX "auth_user_groups_user_id_group_id_94350c0c_uniq" ON "auth_user_groups" ("user_id", "group_id");
CREATE INDEX IF NOT EXISTS "auth_user_groups_user_id_6a12ed8b" ON "auth_user_groups" ("user_id");
CREATE INDEX IF NOT EXISTS "auth_user_groups_group_id_97559544" ON "auth_user_groups" ("group_id");
CREATE UNIQUE INDEX "auth_user_user_permissions_user_id_permission_id_14a6b632_uniq" ON "auth_user_user_permissions" ("user_id", "permission_id");
CREATE INDEX IF NOT EXISTS "auth_user_user_permissions_user_id_a95ead1b" ON "auth_user_user_permissions" ("user_id");
CREATE INDEX IF NOT EXISTS "auth_user_user_permissions_permission_id_1fbb5f2c" ON "auth_user_user_permissions" ("permission_id");
CREATE INDEX IF NOT EXISTS "django_admin_log_content_type_id_c4bce8eb" ON "django_admin_log" ("content_type_id");
CREATE INDEX IF NOT EXISTS "django_admin_log_user_id_c564eba6" ON "django_admin_log" ("user_id");
CREATE UNIQUE INDEX "django_content_type_app_label_model_76bd3d3b_uniq" ON "django_content_type" ("app_label", "model");
CREATE UNIQUE INDEX "auth_permission_content_type_id_codename_01ab375a_uniq" ON "auth_permission" ("content_type_id", "codename");
CREATE INDEX IF NOT EXISTS "auth_permission_content_type_id_2f476e4b" ON "auth_permission" ("content_type_id");
CREATE INDEX IF NOT EXISTS "django_session_expire_date_a5c62663" ON "django_session" ("expire_date");
CREATE INDEX IF NOT EXISTS "app_learning_point_course_id_0e781780" ON "app_learning_point" ("course_id");
CREATE INDEX IF NOT EXISTS "app_requirement_point_course_id_841845a5" ON "app_requirement_point" ("course_id");
CREATE INDEX IF NOT EXISTS "app_usercourse_course_id_2dbf1e09" ON "app_usercourse" ("course_id");
CREATE INDEX IF NOT EXISTS "app_usercourse_user_id_f3827ad3" ON "app_usercourse" ("user_id");
CREATE INDEX IF NOT EXISTS "app_courses_Author_id_760bb8eb" ON "app_courses" ("Author_id");
CREATE INDEX IF NOT EXISTS "app_courses_category_id_ce07a76a" ON "app_courses" ("category_id");
CREATE INDEX IF NOT EXISTS "app_courses_level_id_57105f21" ON "app_courses" ("level_id");
CREATE INDEX IF NOT EXISTS "app_courses_slug_0094ef84" ON "app_courses" ("slug");
CREATE UNIQUE INDEX "app_usercourse_user_id_course_id_631d7ffa_uniq" ON "app_usercourse" ("user_id", "course_id");
CREATE INDEX IF NOT EXISTS "app_lessons_course_id_cdf5758e" ON "app_lessons" ("course_id");
CREATE INDEX IF NOT EXISTS "app_video_course_id_4adbcee9" ON "app_video" ("course_id");
CREATE INDEX IF NOT EXISTS "app_video_lesson_id_a691406e" ON "app_video" ("lesson_id");
CREATE TABLE IF NOT EXISTS "app_level" ("id" integer NOT NULL PRIMARY KEY AUTOINCREMENT, "name" varchar(50) NULL);
INSERT INTO "app_level" VALUES(1,'Class 12');
INSERT INTO "app_level" VALUES(2,'Class 11');
CREATE UNIQUE INDEX "auth_group_permissions_group_id_permission_id_0cd325b0_uniq" ON "auth_group_permissions" ("group_id", "permission_id");
CREATE INDEX IF NOT EXISTS "auth_group_permissions_group_id_b120cbf9" ON "auth_group_permissions" ("group_id");
CREATE INDEX IF NOT EXISTS "auth_group_permissions_permission_id_84c5c92e" ON "auth_group_permissions" ("permission_id");
CREATE UNIQUE INDEX "auth_user_groups_user_id_group_id_94350c0c_uniq" ON "auth_user_groups" ("user_id", "group_id");
CREATE INDEX IF NOT EXISTS "auth_user_groups_user_id_6a12ed8b" ON "auth_user_groups" ("user_id");
CREATE INDEX IF NOT EXISTS "auth_user_groups_group_id_97559544" ON "auth_user_groups" ("group_id");
CREATE UNIQUE INDEX "auth_user_user_permissions_user_id_permission_id_14a6b632_uniq" ON "auth_user_user_permissions" ("user_id", "permission_id");
CREATE INDEX IF NOT EXISTS "auth_user_user_permissions_user_id_a95ead1b" ON "auth_user_user_permissions" ("user_id");
CREATE INDEX IF NOT EXISTS "auth_user_user_permissions_permission_id_1fbb5f2c" ON "auth_user_user_permissions" ("permission_id");
CREATE INDEX IF NOT EXISTS "django_admin_log_content_type_id_c4bce8eb" ON "django_admin_log" ("content_type_id");
CREATE INDEX IF NOT EXISTS "django_admin_log_user_id_c564eba6" ON "django_admin_log" ("user_id");
CREATE UNIQUE INDEX "django_content_type_app_label_model_76bd3d3b_uniq" ON "django_content_type" ("app_label", "model");
CREATE UNIQUE INDEX "auth_permission_content_type_id_codename_01ab375a_uniq" ON "auth_permission" ("content_type_id", "codename");
CREATE INDEX IF NOT EXISTS "auth_permission_content_type_id_2f476e4b" ON "auth_permission" ("content_type_id");
CREATE INDEX IF NOT EXISTS "django_session_expire_date_a5c62663" ON "django_session" ("expire_date");
CREATE INDEX IF NOT EXISTS "app_learning_point_course_id_0e781780" ON "app_learning_point" ("course_id");
CREATE INDEX IF NOT EXISTS "app_requirement_point_course_id_841845a5" ON "app_requirement_point" ("course_id");
CREATE INDEX IF NOT EXISTS "app_usercourse_course_id_2dbf1e09" ON "app_usercourse" ("course_id");
CREATE INDEX IF NOT EXISTS "app_usercourse_user_id_f3827ad3" ON "app_usercourse" ("user_id");
CREATE INDEX IF NOT EXISTS "app_courses_Author_id_760bb8eb" ON "app_courses" ("Author_id");
CREATE INDEX IF NOT EXISTS "app_courses_category_id_ce07a76a" ON "app_courses" ("category_id");
CREATE INDEX IF NOT EXISTS "app_courses_level_id_57105f21" ON "app_courses" ("level_id");
CREATE INDEX IF NOT EXISTS "app_courses_slug_0094ef84" ON "app_courses" ("slug");
CREATE UNIQUE INDEX "app_usercourse_user_id_course_id_631d7ffa_uniq" ON "app_usercourse" ("user_id", "course_id");
CREATE INDEX IF NOT EXISTS "app_lessons_course_id_cdf5758e" ON "app_lessons" ("course_id");
CREATE INDEX IF NOT EXISTS "app_video_course_id_4adbcee9" ON "app_video" ("course_id");
CREATE INDEX IF NOT EXISTS "app_video_lesson_id_a691406e" ON "app_video" ("lesson_id");
CREATE TABLE IF NOT EXISTS "app_news_notices" ("id" integer NOT NULL PRIMARY KEY AUTOINCREMENT, "title" varchar(500) NOT NULL, "description" text NULL, "documents" varchar(100) NOT NULL);
CREATE UNIQUE INDEX "auth_group_permissions_group_id_permission_id_0cd325b0_uniq" ON "auth_group_permissions" ("group_id", "permission_id");
CREATE INDEX IF NOT EXISTS "auth_group_permissions_group_id_b120cbf9" ON "auth_group_permissions" ("group_id");
CREATE INDEX IF NOT EXISTS "auth_group_permissions_permission_id_84c5c92e" ON "auth_group_permissions" ("permission_id");
CREATE UNIQUE INDEX "auth_user_groups_user_id_group_id_94350c0c_uniq" ON "auth_user_groups" ("user_id", "group_id");
CREATE INDEX IF NOT EXISTS "auth_user_groups_user_id_6a12ed8b" ON "auth_user_groups" ("user_id");
CREATE INDEX IF NOT EXISTS "auth_user_groups_group_id_97559544" ON "auth_user_groups" ("group_id");
CREATE UNIQUE INDEX "auth_user_user_permissions_user_id_permission_id_14a6b632_uniq" ON "auth_user_user_permissions" ("user_id", "permission_id");
CREATE INDEX IF NOT EXISTS "auth_user_user_permissions_user_id_a95ead1b" ON "auth_user_user_permissions" ("user_id");
CREATE INDEX IF NOT EXISTS "auth_user_user_permissions_permission_id_1fbb5f2c" ON "auth_user_user_permissions" ("permission_id");
CREATE INDEX IF NOT EXISTS "django_admin_log_content_type_id_c4bce8eb" ON "django_admin_log" ("content_type_id");
CREATE INDEX IF NOT EXISTS "django_admin_log_user_id_c564eba6" ON "django_admin_log" ("user_id");
CREATE UNIQUE INDEX "django_content_type_app_label_model_76bd3d3b_uniq" ON "django_content_type" ("app_label", "model");
CREATE UNIQUE INDEX "auth_permission_content_type_id_codename_01ab375a_uniq" ON "auth_permission" ("content_type_id", "codename");
CREATE INDEX IF NOT EXISTS "auth_permission_content_type_id_2f476e4b" ON "auth_permission" ("content_type_id");
CREATE INDEX IF NOT EXISTS "django_session_expire_date_a5c62663" ON "django_session" ("expire_date");
CREATE INDEX IF NOT EXISTS "app_learning_point_course_id_0e781780" ON "app_learning_point" ("course_id");
CREATE INDEX IF NOT EXISTS "app_requirement_point_course_id_841845a5" ON "app_requirement_point" ("course_id");
CREATE INDEX IF NOT EXISTS "app_usercourse_course_id_2dbf1e09" ON "app_usercourse" ("course_id");
CREATE INDEX IF NOT EXISTS "app_usercourse_user_id_f3827ad3" ON "app_usercourse" ("user_id");
CREATE INDEX IF NOT EXISTS "app_courses_Author_id_760bb8eb" ON "app_courses" ("Author_id");
CREATE INDEX IF NOT EXISTS "app_courses_category_id_ce07a76a" ON "app_courses" ("category_id");
CREATE INDEX IF NOT EXISTS "app_courses_level_id_57105f21" ON "app_courses" ("level_id");
CREATE INDEX IF NOT EXISTS "app_courses_slug_0094ef84" ON "app_courses" ("slug");
CREATE UNIQUE INDEX "app_usercourse_user_id_course_id_631d7ffa_uniq" ON "app_usercourse" ("user_id", "course_id");
CREATE INDEX IF NOT EXISTS "app_lessons_course_id_cdf5758e" ON "app_lessons" ("course_id");
CREATE INDEX IF NOT EXISTS "app_video_course_id_4adbcee9" ON "app_video" ("course_id");
CREATE INDEX IF NOT EXISTS "app_video_lesson_id_a691406e" ON "app_video" ("lesson_id");
CREATE TABLE IF NOT EXISTS "app_partners" ("id" integer NOT NULL PRIMARY KEY AUTOINCREMENT, "name" varchar(200) NOT NULL, "logo" varchar(100) NOT NULL);
INSERT INTO "app_partners" VALUES(1,'Amazon','media/partners/amazon_logo.png');
CREATE UNIQUE INDEX "auth_group_permissions_group_id_permission_id_0cd325b0_uniq" ON "auth_group_permissions" ("group_id", "permission_id");
CREATE INDEX IF NOT EXISTS "auth_group_permissions_group_id_b120cbf9" ON "auth_group_permissions" ("group_id");
CREATE INDEX IF NOT EXISTS "auth_group_permissions_permission_id_84c5c92e" ON "auth_group_permissions" ("permission_id");
CREATE UNIQUE INDEX "auth_user_groups_user_id_group_id_94350c0c_uniq" ON "auth_user_groups" ("user_id", "group_id");
CREATE INDEX IF NOT EXISTS "auth_user_groups_user_id_6a12ed8b" ON "auth_user_groups" ("user_id");
CREATE INDEX IF NOT EXISTS "auth_user_groups_group_id_97559544" ON "auth_user_groups" ("group_id");
CREATE UNIQUE INDEX "auth_user_user_permissions_user_id_permission_id_14a6b632_uniq" ON "auth_user_user_permissions" ("user_id", "permission_id");
CREATE INDEX IF NOT EXISTS "auth_user_user_permissions_user_id_a95ead1b" ON "auth_user_user_permissions" ("user_id");
CREATE INDEX IF NOT EXISTS "auth_user_user_permissions_permission_id_1fbb5f2c" ON "auth_user_user_permissions" ("permission_id");
CREATE INDEX IF NOT EXISTS "django_admin_log_content_type_id_c4bce8eb" ON "django_admin_log" ("content_type_id");
CREATE INDEX IF NOT EXISTS "django_admin_log_user_id_c564eba6" ON "django_admin_log" ("user_id");
CREATE UNIQUE INDEX "django_content_type_app_label_model_76bd3d3b_uniq" ON "django_content_type" ("app_label", "model");
CREATE UNIQUE INDEX "auth_permission_content_type_id_codename_01ab375a_uniq" ON "auth_permission" ("content_type_id", "codename");
CREATE INDEX IF NOT EXISTS "auth_permission_content_type_id_2f476e4b" ON "auth_permission" ("content_type_id");
CREATE INDEX IF NOT EXISTS "django_session_expire_date_a5c62663" ON "django_session" ("expire_date");
CREATE INDEX IF NOT EXISTS "app_learning_point_course_id_0e781780" ON "app_learning_point" ("course_id");
CREATE INDEX IF NOT EXISTS "app_requirement_point_course_id_841845a5" ON "app_requirement_point" ("course_id");
CREATE INDEX IF NOT EXISTS "app_usercourse_course_id_2dbf1e09" ON "app_usercourse" ("course_id");
CREATE INDEX IF NOT EXISTS "app_usercourse_user_id_f3827ad3" ON "app_usercourse" ("user_id");
CREATE INDEX IF NOT EXISTS "app_courses_Author_id_760bb8eb" ON "app_courses" ("Author_id");
CREATE INDEX IF NOT EXISTS "app_courses_category_id_ce07a76a" ON "app_courses" ("category_id");
CREATE INDEX IF NOT EXISTS "app_courses_level_id_57105f21" ON "app_courses" ("level_id");
CREATE INDEX IF NOT EXISTS "app_courses_slug_0094ef84" ON "app_courses" ("slug");
CREATE UNIQUE INDEX "app_usercourse_user_id_course_id_631d7ffa_uniq" ON "app_usercourse" ("user_id", "course_id");
CREATE INDEX IF NOT EXISTS "app_lessons_course_id_cdf5758e" ON "app_lessons" ("course_id");
CREATE INDEX IF NOT EXISTS "app_video_course_id_4adbcee9" ON "app_video" ("course_id");
CREATE INDEX IF NOT EXISTS "app_video_lesson_id_a691406e" ON "app_video" ("lesson_id");
CREATE TABLE IF NOT EXISTS "app_requirement_point" ("id" integer NOT NULL PRIMARY KEY AUTOINCREMENT, "course_id" bigint NOT NULL REFERENCES "app_courses" ("id") DEFERRABLE INITIALLY DEFERRED, "points" varchar(500) NOT NULL);
INSERT INTO "app_requirement_point" VALUES(1,2,'We do not require any previous experience or pre-defined skills to take this course. A great orientation would be enough to master UI/UX design.');
INSERT INTO "app_requirement_point" VALUES(2,2,'A computer with a good internet connection.');
INSERT INTO "app_requirement_point" VALUES(3,2,'Adobe Photoshop (OPTIONAL)');
CREATE UNIQUE INDEX "auth_group_permissions_group_id_permission_id_0cd325b0_uniq" ON "auth_group_permissions" ("group_id", "permission_id");
CREATE INDEX IF NOT EXISTS "auth_group_permissions_group_id_b120cbf9" ON "auth_group_permissions" ("group_id");
CREATE INDEX IF NOT EXISTS "auth_group_permissions_permission_id_84c5c92e" ON "auth_group_permissions" ("permission_id");
CREATE UNIQUE INDEX "auth_user_groups_user_id_group_id_94350c0c_uniq" ON "auth_user_groups" ("user_id", "group_id");
CREATE INDEX IF NOT EXISTS "auth_user_groups_user_id_6a12ed8b" ON "auth_user_groups" ("user_id");
CREATE INDEX IF NOT EXISTS "auth_user_groups_group_id_97559544" ON "auth_user_groups" ("group_id");
CREATE UNIQUE INDEX "auth_user_user_permissions_user_id_permission_id_14a6b632_uniq" ON "auth_user_user_permissions" ("user_id", "permission_id");
CREATE INDEX IF NOT EXISTS "auth_user_user_permissions_user_id_a95ead1b" ON "auth_user_user_permissions" ("user_id");
CREATE INDEX IF NOT EXISTS "auth_user_user_permissions_permission_id_1fbb5f2c" ON "auth_user_user_permissions" ("permission_id");
CREATE INDEX IF NOT EXISTS "django_admin_log_content_type_id_c4bce8eb" ON "django_admin_log" ("content_type_id");
CREATE INDEX IF NOT EXISTS "django_admin_log_user_id_c564eba6" ON "django_admin_log" ("user_id");
CREATE UNIQUE INDEX "django_content_type_app_label_model_76bd3d3b_uniq" ON "django_content_type" ("app_label", "model");
CREATE UNIQUE INDEX "auth_permission_content_type_id_codename_01ab375a_uniq" ON "auth_permission" ("content_type_id", "codename");
CREATE INDEX IF NOT EXISTS "auth_permission_content_type_id_2f476e4b" ON "auth_permission" ("content_type_id");
CREATE INDEX IF NOT EXISTS "django_session_expire_date_a5c62663" ON "django_session" ("expire_date");
CREATE INDEX IF NOT EXISTS "app_learning_point_course_id_0e781780" ON "app_learning_point" ("course_id");
CREATE INDEX IF NOT EXISTS "app_requirement_point_course_id_841845a5" ON "app_requirement_point" ("course_id");
CREATE INDEX IF NOT EXISTS "app_usercourse_course_id_2dbf1e09" ON "app_usercourse" ("course_id");
CREATE INDEX IF NOT EXISTS "app_usercourse_user_id_f3827ad3" ON "app_usercourse" ("user_id");
CREATE INDEX IF NOT EXISTS "app_courses_Author_id_760bb8eb" ON "app_courses" ("Author_id");
CREATE INDEX IF NOT EXISTS "app_courses_category_id_ce07a76a" ON "app_courses" ("category_id");
CREATE INDEX IF NOT EXISTS "app_courses_level_id_57105f21" ON "app_courses" ("level_id");
CREATE INDEX IF NOT EXISTS "app_courses_slug_0094ef84" ON "app_courses" ("slug");
CREATE UNIQUE INDEX "app_usercourse_user_id_course_id_631d7ffa_uniq" ON "app_usercourse" ("user_id", "course_id");
CREATE INDEX IF NOT EXISTS "app_lessons_course_id_cdf5758e" ON "app_lessons" ("course_id");
CREATE INDEX IF NOT EXISTS "app_video_course_id_4adbcee9" ON "app_video" ("course_id");
CREATE INDEX IF NOT EXISTS "app_video_lesson_id_a691406e" ON "app_video" ("lesson_id");
CREATE TABLE IF NOT EXISTS "app_testimonials" ("id" integer NOT NULL PRIMARY KEY AUTOINCREMENT, "name" varchar(200) NOT NULL, "description" text NULL, "designation" varchar(200) NOT NULL, "testi_photo" varchar(100) NOT NULL);
INSERT INTO "app_testimonials" VALUES(1,'Abhinav','I believe in lifelong learning and Skola is a great place to learn from experts. I''ve learned a lot and recommend it to all my friends','Web Developer','media/testimonials/1673052869815.jpeg');
INSERT INTO "app_testimonials" VALUES(2,'Palak Hudda','I believe in lifelong learning and Skola is a great place to learn from experts. I''ve learned a lot and recommend it to all my friends','developer','media/testimonials/scott-graham-5fNmWej4tAA-unsplash.jpg');
INSERT INTO "app_testimonials" VALUES(3,'Taruna Hudda','I believe in lifelong learning and Skola is a great place to learn from experts. I''ve learned a lot and recommend it to all my friends','Teacher','media/testimonials/abf65bbb-53f5-4c5c-a27c-50e577ed68e2.png');
INSERT INTO "app_testimonials" VALUES(4,'Surender Singh','I believe in lifelong learning and Skola is a great place to learn from experts. I''ve learned a lot and recommend it to all my friends','Parent','media/testimonials/christina-wocintechchat-com-PviMD8jDeYE-unsplash.jpg');
CREATE UNIQUE INDEX "auth_group_permissions_group_id_permission_id_0cd325b0_uniq" ON "auth_group_permissions" ("group_id", "permission_id");
CREATE INDEX IF NOT EXISTS "auth_group_permissions_group_id_b120cbf9" ON "auth_group_permissions" ("group_id");
CREATE INDEX IF NOT EXISTS "auth_group_permissions_permission_id_84c5c92e" ON "auth_group_permissions" ("permission_id");
CREATE UNIQUE INDEX "auth_user_groups_user_id_group_id_94350c0c_uniq" ON "auth_user_groups" ("user_id", "group_id");
CREATE INDEX IF NOT EXISTS "auth_user_groups_user_id_6a12ed8b" ON "auth_user_groups" ("user_id");
CREATE INDEX IF NOT EXISTS "auth_user_groups_group_id_97559544" ON "auth_user_groups" ("group_id");
CREATE UNIQUE INDEX "auth_user_user_permissions_user_id_permission_id_14a6b632_uniq" ON "auth_user_user_permissions" ("user_id", "permission_id");
CREATE INDEX IF NOT EXISTS "auth_user_user_permissions_user_id_a95ead1b" ON "auth_user_user_permissions" ("user_id");
CREATE INDEX IF NOT EXISTS "auth_user_user_permissions_permission_id_1fbb5f2c" ON "auth_user_user_permissions" ("permission_id");
CREATE INDEX IF NOT EXISTS "django_admin_log_content_type_id_c4bce8eb" ON "django_admin_log" ("content_type_id");
CREATE INDEX IF NOT EXISTS "django_admin_log_user_id_c564eba6" ON "django_admin_log" ("user_id");
CREATE UNIQUE INDEX "django_content_type_app_label_model_76bd3d3b_uniq" ON "django_content_type" ("app_label", "model");
CREATE UNIQUE INDEX "auth_permission_content_type_id_codename_01ab375a_uniq" ON "auth_permission" ("content_type_id", "codename");
CREATE INDEX IF NOT EXISTS "auth_permission_content_type_id_2f476e4b" ON "auth_permission" ("content_type_id");
CREATE INDEX IF NOT EXISTS "django_session_expire_date_a5c62663" ON "django_session" ("expire_date");
CREATE INDEX IF NOT EXISTS "app_learning_point_course_id_0e781780" ON "app_learning_point" ("course_id");
CREATE INDEX IF NOT EXISTS "app_requirement_point_course_id_841845a5" ON "app_requirement_point" ("course_id");
CREATE INDEX IF NOT EXISTS "app_usercourse_course_id_2dbf1e09" ON "app_usercourse" ("course_id");
CREATE INDEX IF NOT EXISTS "app_usercourse_user_id_f3827ad3" ON "app_usercourse" ("user_id");
CREATE INDEX IF NOT EXISTS "app_courses_Author_id_760bb8eb" ON "app_courses" ("Author_id");
CREATE INDEX IF NOT EXISTS "app_courses_category_id_ce07a76a" ON "app_courses" ("category_id");
CREATE INDEX IF NOT EXISTS "app_courses_level_id_57105f21" ON "app_courses" ("level_id");
CREATE INDEX IF NOT EXISTS "app_courses_slug_0094ef84" ON "app_courses" ("slug");
CREATE UNIQUE INDEX "app_usercourse_user_id_course_id_631d7ffa_uniq" ON "app_usercourse" ("user_id", "course_id");
CREATE INDEX IF NOT EXISTS "app_lessons_course_id_cdf5758e" ON "app_lessons" ("course_id");
CREATE INDEX IF NOT EXISTS "app_video_course_id_4adbcee9" ON "app_video" ("course_id");
CREATE INDEX IF NOT EXISTS "app_video_lesson_id_a691406e" ON "app_video" ("lesson_id");
CREATE TABLE IF NOT EXISTS "app_upcoming_events" ("id" integer NOT NULL PRIMARY KEY AUTOINCREMENT, "title" varchar(500) NOT NULL, "description" text NOT NULL, "image" varchar(100) NOT NULL);
CREATE UNIQUE INDEX "auth_group_permissions_group_id_permission_id_0cd325b0_uniq" ON "auth_group_permissions" ("group_id", "permission_id");
CREATE INDEX IF NOT EXISTS "auth_group_permissions_group_id_b120cbf9" ON "auth_group_permissions" ("group_id");
CREATE INDEX IF NOT EXISTS "auth_group_permissions_permission_id_84c5c92e" ON "auth_group_permissions" ("permission_id");
CREATE UNIQUE INDEX "auth_user_groups_user_id_group_id_94350c0c_uniq" ON "auth_user_groups" ("user_id", "group_id");
CREATE INDEX IF NOT EXISTS "auth_user_groups_user_id_6a12ed8b" ON "auth_user_groups" ("user_id");
CREATE INDEX IF NOT EXISTS "auth_user_groups_group_id_97559544" ON "auth_user_groups" ("group_id");
CREATE UNIQUE INDEX "auth_user_user_permissions_user_id_permission_id_14a6b632_uniq" ON "auth_user_user_permissions" ("user_id", "permission_id");
CREATE INDEX IF NOT EXISTS "auth_user_user_permissions_user_id_a95ead1b" ON "auth_user_user_permissions" ("user_id");
CREATE INDEX IF NOT EXISTS "auth_user_user_permissions_permission_id_1fbb5f2c" ON "auth_user_user_permissions" ("permission_id");
CREATE INDEX IF NOT EXISTS "django_admin_log_content_type_id_c4bce8eb" ON "django_admin_log" ("content_type_id");
CREATE INDEX IF NOT EXISTS "django_admin_log_user_id_c564eba6" ON "django_admin_log" ("user_id");
CREATE UNIQUE INDEX "django_content_type_app_label_model_76bd3d3b_uniq" ON "django_content_type" ("app_label", "model");
CREATE UNIQUE INDEX "auth_permission_content_type_id_codename_01ab375a_uniq" ON "auth_permission" ("content_type_id", "codename");
CREATE INDEX IF NOT EXISTS "auth_permission_content_type_id_2f476e4b" ON "auth_permission" ("content_type_id");
CREATE INDEX IF NOT EXISTS "django_session_expire_date_a5c62663" ON "django_session" ("expire_date");
CREATE INDEX IF NOT EXISTS "app_learning_point_course_id_0e781780" ON "app_learning_point" ("course_id");
CREATE INDEX IF NOT EXISTS "app_requirement_point_course_id_841845a5" ON "app_requirement_point" ("course_id");
CREATE INDEX IF NOT EXISTS "app_usercourse_course_id_2dbf1e09" ON "app_usercourse" ("course_id");
CREATE INDEX IF NOT EXISTS "app_usercourse_user_id_f3827ad3" ON "app_usercourse" ("user_id");
CREATE INDEX IF NOT EXISTS "app_courses_Author_id_760bb8eb" ON "app_courses" ("Author_id");
CREATE INDEX IF NOT EXISTS "app_courses_category_id_ce07a76a" ON "app_courses" ("category_id");
CREATE INDEX IF NOT EXISTS "app_courses_level_id_57105f21" ON "app_courses" ("level_id");
CREATE INDEX IF NOT EXISTS "app_courses_slug_0094ef84" ON "app_courses" ("slug");
CREATE UNIQUE INDEX "app_usercourse_user_id_course_id_631d7ffa_uniq" ON "app_usercourse" ("user_id", "course_id");
CREATE INDEX IF NOT EXISTS "app_lessons_course_id_cdf5758e" ON "app_lessons" ("course_id");
CREATE INDEX IF NOT EXISTS "app_video_course_id_4adbcee9" ON "app_video" ("course_id");
CREATE INDEX IF NOT EXISTS "app_video_lesson_id_a691406e" ON "app_video" ("lesson_id");
CREATE TABLE IF NOT EXISTS "app_usercourse" ("id" integer NOT NULL PRIMARY KEY AUTOINCREMENT, "paid" bool NOT NULL, "date" datetime NOT NULL, "course_id" bigint NOT NULL REFERENCES "app_courses" ("id") DEFERRABLE INITIALLY DEFERRED, "user_id" integer NOT NULL REFERENCES "auth_user" ("id") DEFERRABLE INITIALLY DEFERRED);
INSERT INTO "app_usercourse" VALUES(11,0,'2023-05-04 11:49:05.822559',2,1);
INSERT INTO "app_usercourse" VALUES(13,0,'2023-05-05 14:40:44.978840',2,2);
CREATE UNIQUE INDEX "auth_group_permissions_group_id_permission_id_0cd325b0_uniq" ON "auth_group_permissions" ("group_id", "permission_id");
CREATE INDEX IF NOT EXISTS "auth_group_permissions_group_id_b120cbf9" ON "auth_group_permissions" ("group_id");
CREATE INDEX IF NOT EXISTS "auth_group_permissions_permission_id_84c5c92e" ON "auth_group_permissions" ("permission_id");
CREATE UNIQUE INDEX "auth_user_groups_user_id_group_id_94350c0c_uniq" ON "auth_user_groups" ("user_id", "group_id");
CREATE INDEX IF NOT EXISTS "auth_user_groups_user_id_6a12ed8b" ON "auth_user_groups" ("user_id");
CREATE INDEX IF NOT EXISTS "auth_user_groups_group_id_97559544" ON "auth_user_groups" ("group_id");
CREATE UNIQUE INDEX "auth_user_user_permissions_user_id_permission_id_14a6b632_uniq" ON "auth_user_user_permissions" ("user_id", "permission_id");
CREATE INDEX IF NOT EXISTS "auth_user_user_permissions_user_id_a95ead1b" ON "auth_user_user_permissions" ("user_id");
CREATE INDEX IF NOT EXISTS "auth_user_user_permissions_permission_id_1fbb5f2c" ON "auth_user_user_permissions" ("permission_id");
CREATE INDEX IF NOT EXISTS "django_admin_log_content_type_id_c4bce8eb" ON "django_admin_log" ("content_type_id");
CREATE INDEX IF NOT EXISTS "django_admin_log_user_id_c564eba6" ON "django_admin_log" ("user_id");
CREATE UNIQUE INDEX "django_content_type_app_label_model_76bd3d3b_uniq" ON "django_content_type" ("app_label", "model");
CREATE UNIQUE INDEX "auth_permission_content_type_id_codename_01ab375a_uniq" ON "auth_permission" ("content_type_id", "codename");
CREATE INDEX IF NOT EXISTS "auth_permission_content_type_id_2f476e4b" ON "auth_permission" ("content_type_id");
CREATE INDEX IF NOT EXISTS "django_session_expire_date_a5c62663" ON "django_session" ("expire_date");
CREATE INDEX IF NOT EXISTS "app_learning_point_course_id_0e781780" ON "app_learning_point" ("course_id");
CREATE INDEX IF NOT EXISTS "app_requirement_point_course_id_841845a5" ON "app_requirement_point" ("course_id");
CREATE INDEX IF NOT EXISTS "app_usercourse_course_id_2dbf1e09" ON "app_usercourse" ("course_id");
CREATE INDEX IF NOT EXISTS "app_usercourse_user_id_f3827ad3" ON "app_usercourse" ("user_id");
CREATE INDEX IF NOT EXISTS "app_courses_Author_id_760bb8eb" ON "app_courses" ("Author_id");
CREATE INDEX IF NOT EXISTS "app_courses_category_id_ce07a76a" ON "app_courses" ("category_id");
CREATE INDEX IF NOT EXISTS "app_courses_level_id_57105f21" ON "app_courses" ("level_id");
CREATE INDEX IF NOT EXISTS "app_courses_slug_0094ef84" ON "app_courses" ("slug");
CREATE UNIQUE INDEX "app_usercourse_user_id_course_id_631d7ffa_uniq" ON "app_usercourse" ("user_id", "course_id");
CREATE INDEX IF NOT EXISTS "app_lessons_course_id_cdf5758e" ON "app_lessons" ("course_id");
CREATE INDEX IF NOT EXISTS "app_video_course_id_4adbcee9" ON "app_video" ("course_id");
CREATE INDEX IF NOT EXISTS "app_video_lesson_id_a691406e" ON "app_video" ("lesson_id");
CREATE TABLE IF NOT EXISTS "app_video" ("id" integer NOT NULL PRIMARY KEY AUTOINCREMENT, "serial_number" integer NULL, "thumbnail" varchar(100) NULL, "title" varchar(200) NOT NULL, "video_link" varchar(200) NOT NULL, "preview" bool NOT NULL, "course_id" bigint NOT NULL REFERENCES "app_courses" ("id") DEFERRABLE INITIALLY DEFERRED, "lesson_id" bigint NOT NULL REFERENCES "app_lessons" ("id") DEFERRABLE INITIALLY DEFERRED, "description" text NULL, "time_duration" real NOT NULL);
INSERT INTO "app_video" VALUES(1,1,'media/course/lessons/7482college625.png.webp','Introduction to the course','11K0PueCtfp7qxVG-67PC9UTM1rhnPboF',1,2,1,'This course will allow you to develop your user interface design skills and you can add UI designer to your CV and start getting clients for your skills.

Hi everyone. I''m Arash and I''m a UI/UX designer. In this course, I will help you learn and master Figma app comprehensively from scratch. Figma is an innovative and brilliant tool for User Interface design. It''s used by everyone from entrepreneurs and start-ups to Apple, Airbnb, Facebook, etc.',0.6);
INSERT INTO "app_video" VALUES(2,2,'media/course/lessons/7482college625.png_lLPUs90.webp','setup tutorial','wOBzgf65lsw',0,2,2,NULL,10.0);
CREATE UNIQUE INDEX "auth_group_permissions_group_id_permission_id_0cd325b0_uniq" ON "auth_group_permissions" ("group_id", "permission_id");
CREATE INDEX IF NOT EXISTS "auth_group_permissions_group_id_b120cbf9" ON "auth_group_permissions" ("group_id");
CREATE INDEX IF NOT EXISTS "auth_group_permissions_permission_id_84c5c92e" ON "auth_group_permissions" ("permission_id");
CREATE UNIQUE INDEX "auth_user_groups_user_id_group_id_94350c0c_uniq" ON "auth_user_groups" ("user_id", "group_id");
CREATE INDEX IF NOT EXISTS "auth_user_groups_user_id_6a12ed8b" ON "auth_user_groups" ("user_id");
CREATE INDEX IF NOT EXISTS "auth_user_groups_group_id_97559544" ON "auth_user_groups" ("group_id");
CREATE UNIQUE INDEX "auth_user_user_permissions_user_id_permission_id_14a6b632_uniq" ON "auth_user_user_permissions" ("user_id", "permission_id");
CREATE INDEX IF NOT EXISTS "auth_user_user_permissions_user_id_a95ead1b" ON "auth_user_user_permissions" ("user_id");
CREATE INDEX IF NOT EXISTS "auth_user_user_permissions_permission_id_1fbb5f2c" ON "auth_user_user_permissions" ("permission_id");
CREATE INDEX IF NOT EXISTS "django_admin_log_content_type_id_c4bce8eb" ON "django_admin_log" ("content_type_id");
CREATE INDEX IF NOT EXISTS "django_admin_log_user_id_c564eba6" ON "django_admin_log" ("user_id");
CREATE UNIQUE INDEX "django_content_type_app_label_model_76bd3d3b_uniq" ON "django_content_type" ("app_label", "model");
CREATE UNIQUE INDEX "auth_permission_content_type_id_codename_01ab375a_uniq" ON "auth_permission" ("content_type_id", "codename");
CREATE INDEX IF NOT EXISTS "auth_permission_content_type_id_2f476e4b" ON "auth_permission" ("content_type_id");
CREATE INDEX IF NOT EXISTS "django_session_expire_date_a5c62663" ON "django_session" ("expire_date");
CREATE INDEX IF NOT EXISTS "app_learning_point_course_id_0e781780" ON "app_learning_point" ("course_id");
CREATE INDEX IF NOT EXISTS "app_requirement_point_course_id_841845a5" ON "app_requirement_point" ("course_id");
CREATE INDEX IF NOT EXISTS "app_usercourse_course_id_2dbf1e09" ON "app_usercourse" ("course_id");
CREATE INDEX IF NOT EXISTS "app_usercourse_user_id_f3827ad3" ON "app_usercourse" ("user_id");
CREATE INDEX IF NOT EXISTS "app_courses_Author_id_760bb8eb" ON "app_courses" ("Author_id");
CREATE INDEX IF NOT EXISTS "app_courses_category_id_ce07a76a" ON "app_courses" ("category_id");
CREATE INDEX IF NOT EXISTS "app_courses_level_id_57105f21" ON "app_courses" ("level_id");
CREATE INDEX IF NOT EXISTS "app_courses_slug_0094ef84" ON "app_courses" ("slug");
CREATE UNIQUE INDEX "app_usercourse_user_id_course_id_631d7ffa_uniq" ON "app_usercourse" ("user_id", "course_id");
CREATE INDEX IF NOT EXISTS "app_lessons_course_id_cdf5758e" ON "app_lessons" ("course_id");
CREATE INDEX IF NOT EXISTS "app_video_course_id_4adbcee9" ON "app_video" ("course_id");
CREATE INDEX IF NOT EXISTS "app_video_lesson_id_a691406e" ON "app_video" ("lesson_id");
CREATE TABLE IF NOT EXISTS "auth_group" ("id" integer NOT NULL PRIMARY KEY AUTOINCREMENT, "name" varchar(150) NOT NULL UNIQUE);
INSERT INTO "auth_group" VALUES(1,'Instructors');
CREATE UNIQUE INDEX "auth_group_permissions_group_id_permission_id_0cd325b0_uniq" ON "auth_group_permissions" ("group_id", "permission_id");
CREATE INDEX IF NOT EXISTS "auth_group_permissions_group_id_b120cbf9" ON "auth_group_permissions" ("group_id");
CREATE INDEX IF NOT EXISTS "auth_group_permissions_permission_id_84c5c92e" ON "auth_group_permissions" ("permission_id");
CREATE UNIQUE INDEX "auth_user_groups_user_id_group_id_94350c0c_uniq" ON "auth_user_groups" ("user_id", "group_id");
CREATE INDEX IF NOT EXISTS "auth_user_groups_user_id_6a12ed8b" ON "auth_user_groups" ("user_id");
CREATE INDEX IF NOT EXISTS "auth_user_groups_group_id_97559544" ON "auth_user_groups" ("group_id");
CREATE UNIQUE INDEX "auth_user_user_permissions_user_id_permission_id_14a6b632_uniq" ON "auth_user_user_permissions" ("user_id", "permission_id");
CREATE INDEX IF NOT EXISTS "auth_user_user_permissions_user_id_a95ead1b" ON "auth_user_user_permissions" ("user_id");
CREATE INDEX IF NOT EXISTS "auth_user_user_permissions_permission_id_1fbb5f2c" ON "auth_user_user_permissions" ("permission_id");
CREATE INDEX IF NOT EXISTS "django_admin_log_content_type_id_c4bce8eb" ON "django_admin_log" ("content_type_id");
CREATE INDEX IF NOT EXISTS "django_admin_log_user_id_c564eba6" ON "django_admin_log" ("user_id");
CREATE UNIQUE INDEX "django_content_type_app_label_model_76bd3d3b_uniq" ON "django_content_type" ("app_label", "model");
CREATE UNIQUE INDEX "auth_permission_content_type_id_codename_01ab375a_uniq" ON "auth_permission" ("content_type_id", "codename");
CREATE INDEX IF NOT EXISTS "auth_permission_content_type_id_2f476e4b" ON "auth_permission" ("content_type_id");
CREATE INDEX IF NOT EXISTS "django_session_expire_date_a5c62663" ON "django_session" ("expire_date");
CREATE INDEX IF NOT EXISTS "app_learning_point_course_id_0e781780" ON "app_learning_point" ("course_id");
CREATE INDEX IF NOT EXISTS "app_requirement_point_course_id_841845a5" ON "app_requirement_point" ("course_id");
CREATE INDEX IF NOT EXISTS "app_usercourse_course_id_2dbf1e09" ON "app_usercourse" ("course_id");
CREATE INDEX IF NOT EXISTS "app_usercourse_user_id_f3827ad3" ON "app_usercourse" ("user_id");
CREATE INDEX IF NOT EXISTS "app_courses_Author_id_760bb8eb" ON "app_courses" ("Author_id");
CREATE INDEX IF NOT EXISTS "app_courses_category_id_ce07a76a" ON "app_courses" ("category_id");
CREATE INDEX IF NOT EXISTS "app_courses_level_id_57105f21" ON "app_courses" ("level_id");
CREATE INDEX IF NOT EXISTS "app_courses_slug_0094ef84" ON "app_courses" ("slug");
CREATE UNIQUE INDEX "app_usercourse_user_id_course_id_631d7ffa_uniq" ON "app_usercourse" ("user_id", "course_id");
CREATE INDEX IF NOT EXISTS "app_lessons_course_id_cdf5758e" ON "app_lessons" ("course_id");
CREATE INDEX IF NOT EXISTS "app_video_course_id_4adbcee9" ON "app_video" ("course_id");
CREATE INDEX IF NOT EXISTS "app_video_lesson_id_a691406e" ON "app_video" ("lesson_id");
CREATE TABLE IF NOT EXISTS "auth_group_permissions" ("id" integer NOT NULL PRIMARY KEY AUTOINCREMENT, "group_id" integer NOT NULL REFERENCES "auth_group" ("id") DEFERRABLE INITIALLY DEFERRED, "permission_id" integer NOT NULL REFERENCES "auth_permission" ("id") DEFERRABLE INITIALLY DEFERRED);
CREATE UNIQUE INDEX "auth_group_permissions_group_id_permission_id_0cd325b0_uniq" ON "auth_group_permissions" ("group_id", "permission_id");
CREATE INDEX IF NOT EXISTS "auth_group_permissions_group_id_b120cbf9" ON "auth_group_permissions" ("group_id");
CREATE INDEX IF NOT EXISTS "auth_group_permissions_permission_id_84c5c92e" ON "auth_group_permissions" ("permission_id");
CREATE UNIQUE INDEX "auth_user_groups_user_id_group_id_94350c0c_uniq" ON "auth_user_groups" ("user_id", "group_id");
CREATE INDEX IF NOT EXISTS "auth_user_groups_user_id_6a12ed8b" ON "auth_user_groups" ("user_id");
CREATE INDEX IF NOT EXISTS "auth_user_groups_group_id_97559544" ON "auth_user_groups" ("group_id");
CREATE UNIQUE INDEX "auth_user_user_permissions_user_id_permission_id_14a6b632_uniq" ON "auth_user_user_permissions" ("user_id", "permission_id");
CREATE INDEX IF NOT EXISTS "auth_user_user_permissions_user_id_a95ead1b" ON "auth_user_user_permissions" ("user_id");
CREATE INDEX IF NOT EXISTS "auth_user_user_permissions_permission_id_1fbb5f2c" ON "auth_user_user_permissions" ("permission_id");
CREATE INDEX IF NOT EXISTS "django_admin_log_content_type_id_c4bce8eb" ON "django_admin_log" ("content_type_id");
CREATE INDEX IF NOT EXISTS "django_admin_log_user_id_c564eba6" ON "django_admin_log" ("user_id");
CREATE UNIQUE INDEX "django_content_type_app_label_model_76bd3d3b_uniq" ON "django_content_type" ("app_label", "model");
CREATE UNIQUE INDEX "auth_permission_content_type_id_codename_01ab375a_uniq" ON "auth_permission" ("content_type_id", "codename");
CREATE INDEX IF NOT EXISTS "auth_permission_content_type_id_2f476e4b" ON "auth_permission" ("content_type_id");
CREATE INDEX IF NOT EXISTS "django_session_expire_date_a5c62663" ON "django_session" ("expire_date");
CREATE INDEX IF NOT EXISTS "app_learning_point_course_id_0e781780" ON "app_learning_point" ("course_id");
CREATE INDEX IF NOT EXISTS "app_requirement_point_course_id_841845a5" ON "app_requirement_point" ("course_id");
CREATE INDEX IF NOT EXISTS "app_usercourse_course_id_2dbf1e09" ON "app_usercourse" ("course_id");
CREATE INDEX IF NOT EXISTS "app_usercourse_user_id_f3827ad3" ON "app_usercourse" ("user_id");
CREATE INDEX IF NOT EXISTS "app_courses_Author_id_760bb8eb" ON "app_courses" ("Author_id");
CREATE INDEX IF NOT EXISTS "app_courses_category_id_ce07a76a" ON "app_courses" ("category_id");
CREATE INDEX IF NOT EXISTS "app_courses_level_id_57105f21" ON "app_courses" ("level_id");
CREATE INDEX IF NOT EXISTS "app_courses_slug_0094ef84" ON "app_courses" ("slug");
CREATE UNIQUE INDEX "app_usercourse_user_id_course_id_631d7ffa_uniq" ON "app_usercourse" ("user_id", "course_id");
CREATE INDEX IF NOT EXISTS "app_lessons_course_id_cdf5758e" ON "app_lessons" ("course_id");
CREATE INDEX IF NOT EXISTS "app_video_course_id_4adbcee9" ON "app_video" ("course_id");
CREATE INDEX IF NOT EXISTS "app_video_lesson_id_a691406e" ON "app_video" ("lesson_id");
CREATE TABLE IF NOT EXISTS "auth_permission" ("id" integer NOT NULL PRIMARY KEY AUTOINCREMENT, "content_type_id" integer NOT NULL REFERENCES "django_content_type" ("id") DEFERRABLE INITIALLY DEFERRED, "codename" varchar(100) NOT NULL, "name" varchar(255) NOT NULL);
INSERT INTO "auth_permission" VALUES(1,1,'add_logentry','Can add log entry');
INSERT INTO "auth_permission" VALUES(2,1,'change_logentry','Can change log entry');
INSERT INTO "auth_permission" VALUES(3,1,'delete_logentry','Can delete log entry');
INSERT INTO "auth_permission" VALUES(4,1,'view_logentry','Can view log entry');
INSERT INTO "auth_permission" VALUES(5,2,'add_permission','Can add permission');
INSERT INTO "auth_permission" VALUES(6,2,'change_permission','Can change permission');
INSERT INTO "auth_permission" VALUES(7,2,'delete_permission','Can delete permission');
INSERT INTO "auth_permission" VALUES(8,2,'view_permission','Can view permission');
INSERT INTO "auth_permission" VALUES(9,3,'add_group','Can add group');
INSERT INTO "auth_permission" VALUES(10,3,'change_group','Can change group');
INSERT INTO "auth_permission" VALUES(11,3,'delete_group','Can delete group');
INSERT INTO "auth_permission" VALUES(12,3,'view_group','Can view group');
INSERT INTO "auth_permission" VALUES(13,4,'add_user','Can add user');
INSERT INTO "auth_permission" VALUES(14,4,'change_user','Can change user');
INSERT INTO "auth_permission" VALUES(15,4,'delete_user','Can delete user');
INSERT INTO "auth_permission" VALUES(16,4,'view_user','Can view user');
INSERT INTO "auth_permission" VALUES(17,5,'add_contenttype','Can add content type');
INSERT INTO "auth_permission" VALUES(18,5,'change_contenttype','Can change content type');
INSERT INTO "auth_permission" VALUES(19,5,'delete_contenttype','Can delete content type');
INSERT INTO "auth_permission" VALUES(20,5,'view_contenttype','Can view content type');
INSERT INTO "auth_permission" VALUES(21,6,'add_session','Can add session');
INSERT INTO "auth_permission" VALUES(22,6,'change_session','Can change session');
INSERT INTO "auth_permission" VALUES(23,6,'delete_session','Can delete session');
INSERT INTO "auth_permission" VALUES(24,6,'view_session','Can view session');
INSERT INTO "auth_permission" VALUES(25,7,'add_categories','Can add categories');
INSERT INTO "auth_permission" VALUES(26,7,'change_categories','Can change categories');
INSERT INTO "auth_permission" VALUES(27,7,'delete_categories','Can delete categories');
INSERT INTO "auth_permission" VALUES(28,7,'view_categories','Can view categories');
INSERT INTO "auth_permission" VALUES(29,8,'add_author','Can add author');
INSERT INTO "auth_permission" VALUES(30,8,'change_author','Can change author');
INSERT INTO "auth_permission" VALUES(31,8,'delete_author','Can delete author');
INSERT INTO "auth_permission" VALUES(32,8,'view_author','Can view author');
INSERT INTO "auth_permission" VALUES(33,9,'add_course','Can add course');
INSERT INTO "auth_permission" VALUES(34,9,'change_course','Can change course');
INSERT INTO "auth_permission" VALUES(35,9,'delete_course','Can delete course');
INSERT INTO "auth_permission" VALUES(36,9,'view_course','Can view course');
INSERT INTO "auth_permission" VALUES(37,9,'add_courses','Can add courses');
INSERT INTO "auth_permission" VALUES(38,9,'change_courses','Can change courses');
INSERT INTO "auth_permission" VALUES(39,9,'delete_courses','Can delete courses');
INSERT INTO "auth_permission" VALUES(40,9,'view_courses','Can view courses');
INSERT INTO "auth_permission" VALUES(41,10,'add_class','Can add class');
INSERT INTO "auth_permission" VALUES(42,10,'change_class','Can change class');
INSERT INTO "auth_permission" VALUES(43,10,'delete_class','Can delete class');
INSERT INTO "auth_permission" VALUES(44,10,'view_class','Can view class');
INSERT INTO "auth_permission" VALUES(45,10,'add_lavel','Can add lavel');
INSERT INTO "auth_permission" VALUES(46,10,'change_lavel','Can change lavel');
INSERT INTO "auth_permission" VALUES(47,10,'delete_lavel','Can delete lavel');
INSERT INTO "auth_permission" VALUES(48,10,'view_lavel','Can view lavel');
INSERT INTO "auth_permission" VALUES(49,10,'add_level','Can add level');
INSERT INTO "auth_permission" VALUES(50,10,'change_level','Can change level');
INSERT INTO "auth_permission" VALUES(51,10,'delete_level','Can delete level');
INSERT INTO "auth_permission" VALUES(52,10,'view_level','Can view level');
INSERT INTO "auth_permission" VALUES(53,11,'add_institute','Can add institute');
INSERT INTO "auth_permission" VALUES(54,11,'change_institute','Can change institute');
INSERT INTO "auth_permission" VALUES(55,11,'delete_institute','Can delete institute');
INSERT INTO "auth_permission" VALUES(56,11,'view_institute','Can view institute');
INSERT INTO "auth_permission" VALUES(57,12,'add_learning_point','Can add learning_point');
INSERT INTO "auth_permission" VALUES(58,12,'change_learning_point','Can change learning_point');
INSERT INTO "auth_permission" VALUES(59,12,'delete_learning_point','Can delete learning_point');
INSERT INTO "auth_permission" VALUES(60,12,'view_learning_point','Can view learning_point');
INSERT INTO "auth_permission" VALUES(61,13,'add_requirement_point','Can add requirement_point');
INSERT INTO "auth_permission" VALUES(62,13,'change_requirement_point','Can change requirement_point');
INSERT INTO "auth_permission" VALUES(63,13,'delete_requirement_point','Can delete requirement_point');
INSERT INTO "auth_permission" VALUES(64,13,'view_requirement_point','Can view requirement_point');
INSERT INTO "auth_permission" VALUES(65,14,'add_lessons','Can add lessons');
INSERT INTO "auth_permission" VALUES(66,14,'change_lessons','Can change lessons');
INSERT INTO "auth_permission" VALUES(67,14,'delete_lessons','Can delete lessons');
INSERT INTO "auth_permission" VALUES(68,14,'view_lessons','Can view lessons');
INSERT INTO "auth_permission" VALUES(69,15,'add_video','Can add video');
INSERT INTO "auth_permission" VALUES(70,15,'change_video','Can change video');
INSERT INTO "auth_permission" VALUES(71,15,'delete_video','Can delete video');
INSERT INTO "auth_permission" VALUES(72,15,'view_video','Can view video');
INSERT INTO "auth_permission" VALUES(73,16,'add_usercourse','Can add usercourse');
INSERT INTO "auth_permission" VALUES(74,16,'change_usercourse','Can change usercourse');
INSERT INTO "auth_permission" VALUES(75,16,'delete_usercourse','Can delete usercourse');
INSERT INTO "auth_permission" VALUES(76,16,'view_usercourse','Can view usercourse');
INSERT INTO "auth_permission" VALUES(77,17,'add_news_notices','Can add news_ notices');
INSERT INTO "auth_permission" VALUES(78,17,'change_news_notices','Can change news_ notices');
INSERT INTO "auth_permission" VALUES(79,17,'delete_news_notices','Can delete news_ notices');
INSERT INTO "auth_permission" VALUES(80,17,'view_news_notices','Can view news_ notices');
INSERT INTO "auth_permission" VALUES(81,18,'add_partners','Can add partners');
INSERT INTO "auth_permission" VALUES(82,18,'change_partners','Can change partners');
INSERT INTO "auth_permission" VALUES(83,18,'delete_partners','Can delete partners');
INSERT INTO "auth_permission" VALUES(84,18,'view_partners','Can view partners');
INSERT INTO "auth_permission" VALUES(85,19,'add_testimonials','Can add testimonials');
INSERT INTO "auth_permission" VALUES(86,19,'change_testimonials','Can change testimonials');
INSERT INTO "auth_permission" VALUES(87,19,'delete_testimonials','Can delete testimonials');
INSERT INTO "auth_permission" VALUES(88,19,'view_testimonials','Can view testimonials');
INSERT INTO "auth_permission" VALUES(89,20,'add_upcoming_events','Can add upcoming_ events');
INSERT INTO "auth_permission" VALUES(90,20,'change_upcoming_events','Can change upcoming_ events');
INSERT INTO "auth_permission" VALUES(91,20,'delete_upcoming_events','Can delete upcoming_ events');
INSERT INTO "auth_permission" VALUES(92,20,'view_upcoming_events','Can view upcoming_ events');
INSERT INTO "auth_permission" VALUES(93,21,'add_instructors','Can add instructors');
INSERT INTO "auth_permission" VALUES(94,21,'change_instructors','Can change instructors');
INSERT INTO "auth_permission" VALUES(95,21,'delete_instructors','Can delete instructors');
INSERT INTO "auth_permission" VALUES(96,21,'view_instructors','Can view instructors');
CREATE UNIQUE INDEX "auth_group_permissions_group_id_permission_id_0cd325b0_uniq" ON "auth_group_permissions" ("group_id", "permission_id");
CREATE INDEX IF NOT EXISTS "auth_group_permissions_group_id_b120cbf9" ON "auth_group_permissions" ("group_id");
CREATE INDEX IF NOT EXISTS "auth_group_permissions_permission_id_84c5c92e" ON "auth_group_permissions" ("permission_id");
CREATE UNIQUE INDEX "auth_user_groups_user_id_group_id_94350c0c_uniq" ON "auth_user_groups" ("user_id", "group_id");
CREATE INDEX IF NOT EXISTS "auth_user_groups_user_id_6a12ed8b" ON "auth_user_groups" ("user_id");
CREATE INDEX IF NOT EXISTS "auth_user_groups_group_id_97559544" ON "auth_user_groups" ("group_id");
CREATE UNIQUE INDEX "auth_user_user_permissions_user_id_permission_id_14a6b632_uniq" ON "auth_user_user_permissions" ("user_id", "permission_id");
CREATE INDEX IF NOT EXISTS "auth_user_user_permissions_user_id_a95ead1b" ON "auth_user_user_permissions" ("user_id");
CREATE INDEX IF NOT EXISTS "auth_user_user_permissions_permission_id_1fbb5f2c" ON "auth_user_user_permissions" ("permission_id");
CREATE INDEX IF NOT EXISTS "django_admin_log_content_type_id_c4bce8eb" ON "django_admin_log" ("content_type_id");
CREATE INDEX IF NOT EXISTS "django_admin_log_user_id_c564eba6" ON "django_admin_log" ("user_id");
CREATE UNIQUE INDEX "django_content_type_app_label_model_76bd3d3b_uniq" ON "django_content_type" ("app_label", "model");
CREATE UNIQUE INDEX "auth_permission_content_type_id_codename_01ab375a_uniq" ON "auth_permission" ("content_type_id", "codename");
CREATE INDEX IF NOT EXISTS "auth_permission_content_type_id_2f476e4b" ON "auth_permission" ("content_type_id");
CREATE INDEX IF NOT EXISTS "django_session_expire_date_a5c62663" ON "django_session" ("expire_date");
CREATE INDEX IF NOT EXISTS "app_learning_point_course_id_0e781780" ON "app_learning_point" ("course_id");
CREATE INDEX IF NOT EXISTS "app_requirement_point_course_id_841845a5" ON "app_requirement_point" ("course_id");
CREATE INDEX IF NOT EXISTS "app_usercourse_course_id_2dbf1e09" ON "app_usercourse" ("course_id");
CREATE INDEX IF NOT EXISTS "app_usercourse_user_id_f3827ad3" ON "app_usercourse" ("user_id");
CREATE INDEX IF NOT EXISTS "app_courses_Author_id_760bb8eb" ON "app_courses" ("Author_id");
CREATE INDEX IF NOT EXISTS "app_courses_category_id_ce07a76a" ON "app_courses" ("category_id");
CREATE INDEX IF NOT EXISTS "app_courses_level_id_57105f21" ON "app_courses" ("level_id");
CREATE INDEX IF NOT EXISTS "app_courses_slug_0094ef84" ON "app_courses" ("slug");
CREATE UNIQUE INDEX "app_usercourse_user_id_course_id_631d7ffa_uniq" ON "app_usercourse" ("user_id", "course_id");
CREATE INDEX IF NOT EXISTS "app_lessons_course_id_cdf5758e" ON "app_lessons" ("course_id");
CREATE INDEX IF NOT EXISTS "app_video_course_id_4adbcee9" ON "app_video" ("course_id");
CREATE INDEX IF NOT EXISTS "app_video_lesson_id_a691406e" ON "app_video" ("lesson_id");
CREATE TABLE IF NOT EXISTS "auth_user" ("id" integer NOT NULL PRIMARY KEY AUTOINCREMENT, "password" varchar(128) NOT NULL, "last_login" datetime NULL, "is_superuser" bool NOT NULL, "username" varchar(150) NOT NULL UNIQUE, "last_name" varchar(150) NOT NULL, "email" varchar(254) NOT NULL, "is_staff" bool NOT NULL, "is_active" bool NOT NULL, "date_joined" datetime NOT NULL, "first_name" varchar(150) NOT NULL);
INSERT INTO "auth_user" VALUES(1,'pbkdf2_sha256$600000$8uTrNQbT1QiYcUfdn1P3hY$fEgPwAcxe8nVZhjjOkagdiLgApzUbmqPE+qzepDFAqY=','2023-05-10 14:53:41.124361',1,'abhinavhudda','Hudda','abhinavhudda@gmail.com',1,1,'2023-04-09 09:01:04.981931','Abhinav');
INSERT INTO "auth_user" VALUES(2,'pbkdf2_sha256$600000$La5l13Qz9UdFvyVchhcnag$+pLwFdaxqFwDrkQ8Azww5/cE2u7J+U7vrKHUqgE5/uM=','2023-05-10 10:47:31.200162',0,'Himanshi','Ahlawat','abhisweety2612@gmail.com',0,1,'2023-04-20 10:29:39.387673','Himanshi ');
INSERT INTO "auth_user" VALUES(3,'pbkdf2_sha256$600000$T5q7Y9SYc6AMWsRKYpfsW6$zjLzsncC6dCCeo1aaQWlPGJVsTTPbsZWyriPnZrUKDk=','2023-05-10 10:53:47.638876',0,'Krishanrajnain','','krishanrajnain@gmail.com',0,1,'2023-05-10 10:48:37','');
CREATE UNIQUE INDEX "auth_group_permissions_group_id_permission_id_0cd325b0_uniq" ON "auth_group_permissions" ("group_id", "permission_id");
CREATE INDEX IF NOT EXISTS "auth_group_permissions_group_id_b120cbf9" ON "auth_group_permissions" ("group_id");
CREATE INDEX IF NOT EXISTS "auth_group_permissions_permission_id_84c5c92e" ON "auth_group_permissions" ("permission_id");
CREATE UNIQUE INDEX "auth_user_groups_user_id_group_id_94350c0c_uniq" ON "auth_user_groups" ("user_id", "group_id");
CREATE INDEX IF NOT EXISTS "auth_user_groups_user_id_6a12ed8b" ON "auth_user_groups" ("user_id");
CREATE INDEX IF NOT EXISTS "auth_user_groups_group_id_97559544" ON "auth_user_groups" ("group_id");
CREATE UNIQUE INDEX "auth_user_user_permissions_user_id_permission_id_14a6b632_uniq" ON "auth_user_user_permissions" ("user_id", "permission_id");
CREATE INDEX IF NOT EXISTS "auth_user_user_permissions_user_id_a95ead1b" ON "auth_user_user_permissions" ("user_id");
CREATE INDEX IF NOT EXISTS "auth_user_user_permissions_permission_id_1fbb5f2c" ON "auth_user_user_permissions" ("permission_id");
CREATE INDEX IF NOT EXISTS "django_admin_log_content_type_id_c4bce8eb" ON "django_admin_log" ("content_type_id");
CREATE INDEX IF NOT EXISTS "django_admin_log_user_id_c564eba6" ON "django_admin_log" ("user_id");
CREATE UNIQUE INDEX "django_content_type_app_label_model_76bd3d3b_uniq" ON "django_content_type" ("app_label", "model");
CREATE UNIQUE INDEX "auth_permission_content_type_id_codename_01ab375a_uniq" ON "auth_permission" ("content_type_id", "codename");
CREATE INDEX IF NOT EXISTS "auth_permission_content_type_id_2f476e4b" ON "auth_permission" ("content_type_id");
CREATE INDEX IF NOT EXISTS "django_session_expire_date_a5c62663" ON "django_session" ("expire_date");
CREATE INDEX IF NOT EXISTS "app_learning_point_course_id_0e781780" ON "app_learning_point" ("course_id");
CREATE INDEX IF NOT EXISTS "app_requirement_point_course_id_841845a5" ON "app_requirement_point" ("course_id");
CREATE INDEX IF NOT EXISTS "app_usercourse_course_id_2dbf1e09" ON "app_usercourse" ("course_id");
CREATE INDEX IF NOT EXISTS "app_usercourse_user_id_f3827ad3" ON "app_usercourse" ("user_id");
CREATE INDEX IF NOT EXISTS "app_courses_Author_id_760bb8eb" ON "app_courses" ("Author_id");
CREATE INDEX IF NOT EXISTS "app_courses_category_id_ce07a76a" ON "app_courses" ("category_id");
CREATE INDEX IF NOT EXISTS "app_courses_level_id_57105f21" ON "app_courses" ("level_id");
CREATE INDEX IF NOT EXISTS "app_courses_slug_0094ef84" ON "app_courses" ("slug");
CREATE UNIQUE INDEX "app_usercourse_user_id_course_id_631d7ffa_uniq" ON "app_usercourse" ("user_id", "course_id");
CREATE INDEX IF NOT EXISTS "app_lessons_course_id_cdf5758e" ON "app_lessons" ("course_id");
CREATE INDEX IF NOT EXISTS "app_video_course_id_4adbcee9" ON "app_video" ("course_id");
CREATE INDEX IF NOT EXISTS "app_video_lesson_id_a691406e" ON "app_video" ("lesson_id");
CREATE TABLE IF NOT EXISTS "auth_user_groups" ("id" integer NOT NULL PRIMARY KEY AUTOINCREMENT, "user_id" integer NOT NULL REFERENCES "auth_user" ("id") DEFERRABLE INITIALLY DEFERRED, "group_id" integer NOT NULL REFERENCES "auth_group" ("id") DEFERRABLE INITIALLY DEFERRED);
CREATE UNIQUE INDEX "auth_group_permissions_group_id_permission_id_0cd325b0_uniq" ON "auth_group_permissions" ("group_id", "permission_id");
CREATE INDEX IF NOT EXISTS "auth_group_permissions_group_id_b120cbf9" ON "auth_group_permissions" ("group_id");
CREATE INDEX IF NOT EXISTS "auth_group_permissions_permission_id_84c5c92e" ON "auth_group_permissions" ("permission_id");
CREATE UNIQUE INDEX "auth_user_groups_user_id_group_id_94350c0c_uniq" ON "auth_user_groups" ("user_id", "group_id");
CREATE INDEX IF NOT EXISTS "auth_user_groups_user_id_6a12ed8b" ON "auth_user_groups" ("user_id");
CREATE INDEX IF NOT EXISTS "auth_user_groups_group_id_97559544" ON "auth_user_groups" ("group_id");
CREATE UNIQUE INDEX "auth_user_user_permissions_user_id_permission_id_14a6b632_uniq" ON "auth_user_user_permissions" ("user_id", "permission_id");
CREATE INDEX IF NOT EXISTS "auth_user_user_permissions_user_id_a95ead1b" ON "auth_user_user_permissions" ("user_id");
CREATE INDEX IF NOT EXISTS "auth_user_user_permissions_permission_id_1fbb5f2c" ON "auth_user_user_permissions" ("permission_id");
CREATE INDEX IF NOT EXISTS "django_admin_log_content_type_id_c4bce8eb" ON "django_admin_log" ("content_type_id");
CREATE INDEX IF NOT EXISTS "django_admin_log_user_id_c564eba6" ON "django_admin_log" ("user_id");
CREATE UNIQUE INDEX "django_content_type_app_label_model_76bd3d3b_uniq" ON "django_content_type" ("app_label", "model");
CREATE UNIQUE INDEX "auth_permission_content_type_id_codename_01ab375a_uniq" ON "auth_permission" ("content_type_id", "codename");
CREATE INDEX IF NOT EXISTS "auth_permission_content_type_id_2f476e4b" ON "auth_permission" ("content_type_id");
CREATE INDEX IF NOT EXISTS "django_session_expire_date_a5c62663" ON "django_session" ("expire_date");
CREATE INDEX IF NOT EXISTS "app_learning_point_course_id_0e781780" ON "app_learning_point" ("course_id");
CREATE INDEX IF NOT EXISTS "app_requirement_point_course_id_841845a5" ON "app_requirement_point" ("course_id");
CREATE INDEX IF NOT EXISTS "app_usercourse_course_id_2dbf1e09" ON "app_usercourse" ("course_id");
CREATE INDEX IF NOT EXISTS "app_usercourse_user_id_f3827ad3" ON "app_usercourse" ("user_id");
CREATE INDEX IF NOT EXISTS "app_courses_Author_id_760bb8eb" ON "app_courses" ("Author_id");
CREATE INDEX IF NOT EXISTS "app_courses_category_id_ce07a76a" ON "app_courses" ("category_id");
CREATE INDEX IF NOT EXISTS "app_courses_level_id_57105f21" ON "app_courses" ("level_id");
CREATE INDEX IF NOT EXISTS "app_courses_slug_0094ef84" ON "app_courses" ("slug");
CREATE UNIQUE INDEX "app_usercourse_user_id_course_id_631d7ffa_uniq" ON "app_usercourse" ("user_id", "course_id");
CREATE INDEX IF NOT EXISTS "app_lessons_course_id_cdf5758e" ON "app_lessons" ("course_id");
CREATE INDEX IF NOT EXISTS "app_video_course_id_4adbcee9" ON "app_video" ("course_id");
CREATE INDEX IF NOT EXISTS "app_video_lesson_id_a691406e" ON "app_video" ("lesson_id");
CREATE TABLE IF NOT EXISTS "auth_user_user_permissions" ("id" integer NOT NULL PRIMARY KEY AUTOINCREMENT, "user_id" integer NOT NULL REFERENCES "auth_user" ("id") DEFERRABLE INITIALLY DEFERRED, "permission_id" integer NOT NULL REFERENCES "auth_permission" ("id") DEFERRABLE INITIALLY DEFERRED);
CREATE UNIQUE INDEX "auth_group_permissions_group_id_permission_id_0cd325b0_uniq" ON "auth_group_permissions" ("group_id", "permission_id");
CREATE INDEX IF NOT EXISTS "auth_group_permissions_group_id_b120cbf9" ON "auth_group_permissions" ("group_id");
CREATE INDEX IF NOT EXISTS "auth_group_permissions_permission_id_84c5c92e" ON "auth_group_permissions" ("permission_id");
CREATE UNIQUE INDEX "auth_user_groups_user_id_group_id_94350c0c_uniq" ON "auth_user_groups" ("user_id", "group_id");
CREATE INDEX IF NOT EXISTS "auth_user_groups_user_id_6a12ed8b" ON "auth_user_groups" ("user_id");
CREATE INDEX IF NOT EXISTS "auth_user_groups_group_id_97559544" ON "auth_user_groups" ("group_id");
CREATE UNIQUE INDEX "auth_user_user_permissions_user_id_permission_id_14a6b632_uniq" ON "auth_user_user_permissions" ("user_id", "permission_id");
CREATE INDEX IF NOT EXISTS "auth_user_user_permissions_user_id_a95ead1b" ON "auth_user_user_permissions" ("user_id");
CREATE INDEX IF NOT EXISTS "auth_user_user_permissions_permission_id_1fbb5f2c" ON "auth_user_user_permissions" ("permission_id");
CREATE INDEX IF NOT EXISTS "django_admin_log_content_type_id_c4bce8eb" ON "django_admin_log" ("content_type_id");
CREATE INDEX IF NOT EXISTS "django_admin_log_user_id_c564eba6" ON "django_admin_log" ("user_id");
CREATE UNIQUE INDEX "django_content_type_app_label_model_76bd3d3b_uniq" ON "django_content_type" ("app_label", "model");
CREATE UNIQUE INDEX "auth_permission_content_type_id_codename_01ab375a_uniq" ON "auth_permission" ("content_type_id", "codename");
CREATE INDEX IF NOT EXISTS "auth_permission_content_type_id_2f476e4b" ON "auth_permission" ("content_type_id");
CREATE INDEX IF NOT EXISTS "django_session_expire_date_a5c62663" ON "django_session" ("expire_date");
CREATE INDEX IF NOT EXISTS "app_learning_point_course_id_0e781780" ON "app_learning_point" ("course_id");
CREATE INDEX IF NOT EXISTS "app_requirement_point_course_id_841845a5" ON "app_requirement_point" ("course_id");
CREATE INDEX IF NOT EXISTS "app_usercourse_course_id_2dbf1e09" ON "app_usercourse" ("course_id");
CREATE INDEX IF NOT EXISTS "app_usercourse_user_id_f3827ad3" ON "app_usercourse" ("user_id");
CREATE INDEX IF NOT EXISTS "app_courses_Author_id_760bb8eb" ON "app_courses" ("Author_id");
CREATE INDEX IF NOT EXISTS "app_courses_category_id_ce07a76a" ON "app_courses" ("category_id");
CREATE INDEX IF NOT EXISTS "app_courses_level_id_57105f21" ON "app_courses" ("level_id");
CREATE INDEX IF NOT EXISTS "app_courses_slug_0094ef84" ON "app_courses" ("slug");
CREATE UNIQUE INDEX "app_usercourse_user_id_course_id_631d7ffa_uniq" ON "app_usercourse" ("user_id", "course_id");
CREATE INDEX IF NOT EXISTS "app_lessons_course_id_cdf5758e" ON "app_lessons" ("course_id");
CREATE INDEX IF NOT EXISTS "app_video_course_id_4adbcee9" ON "app_video" ("course_id");
CREATE INDEX IF NOT EXISTS "app_video_lesson_id_a691406e" ON "app_video" ("lesson_id");
CREATE TABLE IF NOT EXISTS "django_admin_log" ("id" integer NOT NULL PRIMARY KEY AUTOINCREMENT, "object_id" text NULL, "object_repr" varchar(200) NOT NULL, "action_flag" smallint unsigned NOT NULL CHECK ("action_flag" >= 0), "change_message" text NOT NULL, "content_type_id" integer NULL REFERENCES "django_content_type" ("id") DEFERRABLE INITIALLY DEFERRED, "user_id" integer NOT NULL REFERENCES "auth_user" ("id") DEFERRABLE INITIALLY DEFERRED, "action_time" datetime NOT NULL);
INSERT INTO "django_admin_log" VALUES(1,'1','Python',1,'[{"added": {}}]',7,1,'2023-04-19 03:01:23.055707');
INSERT INTO "django_admin_log" VALUES(2,'2','Java',1,'[{"added": {}}]',7,1,'2023-04-19 03:10:22.962262');
INSERT INTO "django_admin_log" VALUES(3,'3','MySQL',1,'[{"added": {}}]',7,1,'2023-04-19 03:41:37.030599');
INSERT INTO "django_admin_log" VALUES(4,'1','Class object (1)',1,'[{"added": {}}]',10,1,'2023-04-19 04:48:13.079345');
INSERT INTO "django_admin_log" VALUES(5,'1','Lavel object (1)',3,'',10,1,'2023-04-19 04:51:01.942772');
INSERT INTO "django_admin_log" VALUES(6,'1','Lavel object (1)',1,'[{"added": {}}]',10,1,'2023-04-19 04:52:40.880525');
INSERT INTO "django_admin_log" VALUES(7,'1','Lavel object (1)',3,'',10,1,'2023-04-19 04:52:46.074921');
INSERT INTO "django_admin_log" VALUES(8,'2','Level object (2)',1,'[{"added": {}}]',10,1,'2023-04-19 04:54:17.996249');
INSERT INTO "django_admin_log" VALUES(9,'2','Level object (2)',3,'',10,1,'2023-04-19 04:54:22.820291');
INSERT INTO "django_admin_log" VALUES(10,'3','Level object (3)',1,'[{"added": {}}]',10,1,'2023-04-19 04:54:26.127464');
INSERT INTO "django_admin_log" VALUES(11,'3','Level object (3)',3,'',10,1,'2023-04-19 04:54:31.694064');
INSERT INTO "django_admin_log" VALUES(12,'1','Level object (1)',1,'[{"added": {}}]',10,1,'2023-04-19 04:57:49.836920');
INSERT INTO "django_admin_log" VALUES(13,'2','Level object (2)',1,'[{"added": {}}]',10,1,'2023-04-19 04:58:09.093825');
INSERT INTO "django_admin_log" VALUES(14,'2','Level object (2)',3,'',10,1,'2023-04-19 04:58:19.370621');
INSERT INTO "django_admin_log" VALUES(15,'1','Level object (1)',3,'',10,1,'2023-04-19 04:58:25.366050');
INSERT INTO "django_admin_log" VALUES(16,'1','Level object (1)',1,'[{"added": {}}]',10,1,'2023-04-19 05:00:26.313039');
INSERT INTO "django_admin_log" VALUES(17,'1','Level object (1)',3,'',10,1,'2023-04-19 05:00:36.273205');
INSERT INTO "django_admin_log" VALUES(18,'1','Level object (1)',1,'[{"added": {}}]',10,1,'2023-04-19 05:01:17.415330');
INSERT INTO "django_admin_log" VALUES(19,'1','Level object (1)',3,'',10,1,'2023-04-19 05:01:23.369509');
INSERT INTO "django_admin_log" VALUES(20,'1','Abhinav',1,'[{"added": {}}]',8,1,'2023-04-19 05:04:13.901225');
INSERT INTO "django_admin_log" VALUES(21,'1','Class 12',1,'[{"added": {}}]',10,1,'2023-04-19 05:05:41.340251');
INSERT INTO "django_admin_log" VALUES(22,'4','Science',1,'[{"added": {}}]',7,1,'2023-04-19 05:06:34.580094');
INSERT INTO "django_admin_log" VALUES(23,'1','Chapter 1 | Physics',1,'[{"added": {}}]',9,1,'2023-04-19 05:09:31.825855');
INSERT INTO "django_admin_log" VALUES(24,'4','Science',2,'[{"changed": {"fields": ["Icon"]}}]',7,1,'2023-04-21 09:21:02.184695');
INSERT INTO "django_admin_log" VALUES(25,'4','Science',2,'[]',7,1,'2023-04-21 09:21:05.171008');
INSERT INTO "django_admin_log" VALUES(26,'3','MySQL',2,'[{"changed": {"fields": ["Icon"]}}]',7,1,'2023-04-21 09:21:14.442088');
INSERT INTO "django_admin_log" VALUES(27,'2','Java',2,'[{"changed": {"fields": ["Icon"]}}]',7,1,'2023-04-21 09:21:24.296615');
INSERT INTO "django_admin_log" VALUES(28,'1','Python',2,'[{"changed": {"fields": ["Icon"]}}]',7,1,'2023-04-21 09:21:35.577246');
INSERT INTO "django_admin_log" VALUES(29,'4','Science',2,'[{"changed": {"fields": ["Icon"]}}]',7,1,'2023-04-21 09:26:57.628165');
INSERT INTO "django_admin_log" VALUES(30,'4','Science',2,'[{"changed": {"fields": ["Icon"]}}]',7,1,'2023-04-21 09:34:17.902369');
INSERT INTO "django_admin_log" VALUES(31,'1','Chapter 1 | Physics',2,'[{"changed": {"fields": ["Featured image"]}}]',9,1,'2023-05-02 07:52:42.185142');
INSERT INTO "django_admin_log" VALUES(32,'1','Chapter 1 | Physics',2,'[{"changed": {"fields": ["Featured image"]}}]',9,1,'2023-05-02 08:00:32.026340');
INSERT INTO "django_admin_log" VALUES(33,'1','Chapter 1 | Physics',2,'[{"changed": {"fields": ["Featured image"]}}]',9,1,'2023-05-02 08:04:17.229329');
INSERT INTO "django_admin_log" VALUES(34,'1','Chapter 1 | Physics',2,'[{"changed": {"fields": ["Featured image"]}}]',9,1,'2023-05-02 08:08:09.858480');
INSERT INTO "django_admin_log" VALUES(35,'1','Chapter 1 | Physics',2,'[{"changed": {"fields": ["Featured image"]}}]',9,1,'2023-05-02 08:09:57.751530');
INSERT INTO "django_admin_log" VALUES(36,'1','Chapter 1 | Physics',2,'[{"changed": {"fields": ["Featured image"]}}]',9,1,'2023-05-02 08:16:53.405289');
INSERT INTO "django_admin_log" VALUES(37,'1','Chapter 1 | Physics',2,'[{"changed": {"fields": ["Featured image"]}}]',9,1,'2023-05-02 08:36:09.033354');
INSERT INTO "django_admin_log" VALUES(38,'1','Chapter 1 | Physics',2,'[{"changed": {"fields": ["Featured image"]}}]',9,1,'2023-05-02 08:37:03.100827');
INSERT INTO "django_admin_log" VALUES(39,'2','Class 11',1,'[{"added": {}}]',10,1,'2023-05-02 09:59:36.099698');
INSERT INTO "django_admin_log" VALUES(40,'2','Chapter 1 | Java',1,'[{"added": {}}]',9,1,'2023-05-02 10:00:12.131540');
INSERT INTO "django_admin_log" VALUES(41,'1','Abhinav',2,'[{"changed": {"fields": ["Author profile"]}}]',8,1,'2023-05-03 05:14:32.673120');
INSERT INTO "django_admin_log" VALUES(42,'2','Chapter 1 | Java',2,'[{"added": {"name": "learning_point", "object": "Become a UI/UX designer."}}, {"added": {"name": "learning_point", "object": "You will be able to start earning money skills."}}, {"added": {"name": "learning_point", "object": "Build a UI project from beginning to end."}}, {"added": {"name": "learning_point", "object": "Work with colors & fonts."}}, {"added": {"name": "learning_point", "object": "You will create your own UI Kit."}}, {"added": {"name": "learning_point", "object": "Build & test a complete mobile app."}}, {"added": {"name": "learning_point", "object": "Learn to design mobile apps & websites."}}, {"added": {"name": "learning_point", "object": "Design 3 different logos."}}, {"added": {"name": "learning_point", "object": "Create low-fidelity wireframe."}}, {"added": {"name": "learning_point", "object": "Downloadable exercise files."}}, {"added": {"name": "requirement_point", "object": "We do not require any previous experience or pre-defined skills to take this course. A great orientation would be enough to master UI/UX design."}}, {"added": {"name": "requirement_point", "object": "A computer with a good internet connection."}}, {"added": {"name": "requirement_point", "object": "Adobe Photoshop (OPTIONAL)"}}]',9,1,'2023-05-03 06:24:46.031868');
INSERT INTO "django_admin_log" VALUES(43,'2','Chapter 1 | Java',2,'[]',9,1,'2023-05-03 06:25:15.515275');
INSERT INTO "django_admin_log" VALUES(44,'2','Chapter 1 | Java',2,'[]',9,1,'2023-05-03 06:25:21.180464');
INSERT INTO "django_admin_log" VALUES(45,'1','Introduction - Chapter 1 | Java',1,'[{"added": {}}]',14,1,'2023-05-03 06:51:41.321987');
INSERT INTO "django_admin_log" VALUES(46,'2','Chapter 1 | Java',2,'[{"added": {"name": "video", "object": "Introduction"}}]',9,1,'2023-05-03 06:53:04.125767');
INSERT INTO "django_admin_log" VALUES(47,'2','Chapter 1 | Java',2,'[]',9,1,'2023-05-03 07:07:15.013087');
INSERT INTO "django_admin_log" VALUES(48,'2','Chapter 1 | Java',2,'[{"changed": {"name": "video", "object": "Introduction to the course", "fields": ["Title"]}}]',9,1,'2023-05-03 07:43:02.047385');
INSERT INTO "django_admin_log" VALUES(49,'2','Basic Setup - Chapter 1 | Java',1,'[{"added": {}}]',14,1,'2023-05-03 07:45:23.880276');
INSERT INTO "django_admin_log" VALUES(50,'2','Chapter 1 | Java',2,'[{"added": {"name": "video", "object": "setup tutorial"}}]',9,1,'2023-05-03 07:45:51.057035');
INSERT INTO "django_admin_log" VALUES(51,'1','Abhinav',2,'[{"changed": {"fields": ["Author role"]}}]',8,1,'2023-05-03 08:18:42.233878');
INSERT INTO "django_admin_log" VALUES(52,'1','Abhinav',2,'[{"changed": {"fields": ["About author"]}}]',8,1,'2023-05-03 08:20:38.162906');
INSERT INTO "django_admin_log" VALUES(53,'2','Chapter 1 | Java',2,'[{"changed": {"fields": ["Language"]}}]',9,1,'2023-05-03 09:17:08.666479');
INSERT INTO "django_admin_log" VALUES(54,'2','Chapter 1 | Java',2,'[{"changed": {"fields": ["Certificate"]}}]',9,1,'2023-05-03 10:02:23.028229');
INSERT INTO "django_admin_log" VALUES(55,'2','Chapter 1 | Java',2,'[]',9,1,'2023-05-03 10:03:11.577798');
INSERT INTO "django_admin_log" VALUES(56,'2','Chapter 1 | Java',2,'[{"changed": {"fields": ["Certificate"]}}]',9,1,'2023-05-03 10:04:47.439339');
INSERT INTO "django_admin_log" VALUES(57,'2','Chapter 1 | Java',2,'[{"changed": {"fields": ["Certificate"]}}]',9,1,'2023-05-03 10:05:28.698013');
INSERT INTO "django_admin_log" VALUES(58,'1','Abhinav - Chapter 1 | Java',3,'',16,1,'2023-05-03 13:07:22.869306');
INSERT INTO "django_admin_log" VALUES(59,'3','Abhinav - Chapter 1 | Java',3,'',16,1,'2023-05-03 13:10:27.691840');
INSERT INTO "django_admin_log" VALUES(60,'2','Abhinav - Chapter 1 | Java',3,'',16,1,'2023-05-03 13:10:27.696873');
INSERT INTO "django_admin_log" VALUES(61,'5','Himanshi  - Chapter 1 | Java',3,'',16,1,'2023-05-03 15:28:09.485466');
INSERT INTO "django_admin_log" VALUES(62,'4','Abhinav - Chapter 1 | Java',3,'',16,1,'2023-05-03 15:28:09.490448');
INSERT INTO "django_admin_log" VALUES(63,'6','Abhinav - Chapter 1 | Java',3,'',16,1,'2023-05-03 15:28:32.030250');
INSERT INTO "django_admin_log" VALUES(64,'1','Chapter 1 | Physics',2,'[{"changed": {"fields": ["Language", "Certificate"]}}]',9,1,'2023-05-03 15:46:44.166421');
INSERT INTO "django_admin_log" VALUES(65,'7','Abhinav - Chapter 1 | Java',3,'',16,1,'2023-05-03 15:49:11.101179');
INSERT INTO "django_admin_log" VALUES(66,'10','Abhinav - Chapter 1 | Java',3,'',16,1,'2023-05-04 06:20:02.291202');
INSERT INTO "django_admin_log" VALUES(67,'9','Abhinav - Chapter 1 | Java',3,'',16,1,'2023-05-04 06:20:02.295813');
INSERT INTO "django_admin_log" VALUES(68,'8','Abhinav - Chapter 1 | Java',3,'',16,1,'2023-05-04 06:20:02.297437');
INSERT INTO "django_admin_log" VALUES(69,'2','Chapter 1 | Java',2,'[]',9,1,'2023-05-04 06:57:57.171898');
INSERT INTO "django_admin_log" VALUES(70,'2','Chapter 1 | Java',2,'[{"changed": {"fields": ["Discount"]}}]',9,1,'2023-05-04 07:31:50.701313');
INSERT INTO "django_admin_log" VALUES(71,'1','Chapter 1 | Physics',2,'[]',9,1,'2023-05-04 07:31:56.116262');
INSERT INTO "django_admin_log" VALUES(72,'2','Chapter 1 | Java',2,'[{"changed": {"fields": ["Price"]}}]',9,1,'2023-05-04 09:42:08.010048');
INSERT INTO "django_admin_log" VALUES(73,'2','Chapter 1 | Java',2,'[{"changed": {"fields": ["Featured video"]}}, {"changed": {"name": "video", "object": "Introduction to the course", "fields": ["Video link"]}}]',9,1,'2023-05-04 10:24:20.679370');
INSERT INTO "django_admin_log" VALUES(74,'2','Chapter 1 | Java',2,'[{"changed": {"name": "video", "object": "setup tutorial", "fields": ["Preview"]}}]',9,1,'2023-05-04 10:45:07.426851');
INSERT INTO "django_admin_log" VALUES(75,'12','Abhinav - Chapter 1 | Java',3,'',16,1,'2023-05-04 13:11:49.146684');
INSERT INTO "django_admin_log" VALUES(76,'1','Introduction to the course',2,'[{"changed": {"fields": ["Video link", "Time duration"]}}]',15,1,'2023-05-05 04:41:01.845168');
INSERT INTO "django_admin_log" VALUES(77,'1','Introduction to the course',2,'[{"changed": {"fields": ["Video link"]}}]',15,1,'2023-05-05 04:49:10.030049');
INSERT INTO "django_admin_log" VALUES(78,'1','Introduction to the course',2,'[{"changed": {"fields": ["Description", "Time duration"]}}]',15,1,'2023-05-05 05:01:47.564205');
INSERT INTO "django_admin_log" VALUES(79,'1','Introduction to the course',2,'[{"changed": {"fields": ["Time duration"]}}]',15,1,'2023-05-05 05:02:42.690687');
INSERT INTO "django_admin_log" VALUES(80,'1','Introduction to the course',2,'[{"changed": {"fields": ["Time duration"]}}]',15,1,'2023-05-05 05:04:02.762332');
INSERT INTO "django_admin_log" VALUES(81,'1','NotionEd',1,'[{"added": {}}]',11,1,'2023-05-08 06:15:42.525813');
INSERT INTO "django_admin_log" VALUES(82,'1','NotionEd',2,'[{"changed": {"fields": ["Status"]}}]',11,1,'2023-05-08 06:31:36.497229');
INSERT INTO "django_admin_log" VALUES(83,'1','NotionEd',2,'[{"changed": {"fields": ["Status"]}}]',11,1,'2023-05-08 06:38:56.379960');
INSERT INTO "django_admin_log" VALUES(84,'1','NotionEd',2,'[{"changed": {"fields": ["Status"]}}]',11,1,'2023-05-08 06:39:16.127256');
INSERT INTO "django_admin_log" VALUES(85,'1','Abhinav',1,'[{"added": {}}]',19,1,'2023-05-08 07:09:44.442632');
INSERT INTO "django_admin_log" VALUES(86,'1','Abhinav',2,'[]',19,1,'2023-05-08 07:11:55.268628');
INSERT INTO "django_admin_log" VALUES(87,'2','Palak Hudda',1,'[{"added": {}}]',19,1,'2023-05-08 07:12:29.522401');
INSERT INTO "django_admin_log" VALUES(88,'2','Himanshi',2,'[{"changed": {"fields": ["Name"]}}]',19,1,'2023-05-08 07:13:09.979454');
INSERT INTO "django_admin_log" VALUES(89,'2','Palak Hudda',2,'[{"changed": {"fields": ["Name", "Testi photo"]}}]',19,1,'2023-05-08 07:13:40.571409');
INSERT INTO "django_admin_log" VALUES(90,'3','Taruna Hudda',1,'[{"added": {}}]',19,1,'2023-05-08 07:14:22.092391');
INSERT INTO "django_admin_log" VALUES(91,'4','Surender Singh',1,'[{"added": {}}]',19,1,'2023-05-08 07:14:57.805507');
INSERT INTO "django_admin_log" VALUES(92,'1','Amazon',1,'[{"added": {}}]',18,1,'2023-05-08 07:20:17.777024');
INSERT INTO "django_admin_log" VALUES(93,'1','NotionEd',2,'[{"changed": {"fields": ["Logo"]}}]',11,1,'2023-05-08 07:47:33.326791');
INSERT INTO "django_admin_log" VALUES(94,'1','Instructors',1,'[{"added": {}}]',3,1,'2023-05-08 08:27:49.527674');
INSERT INTO "django_admin_log" VALUES(95,'1','NotionEd',2,'[{"changed": {"fields": ["Logo"]}}]',11,1,'2023-05-08 08:31:54.031295');
INSERT INTO "django_admin_log" VALUES(96,'1','NotionEd',2,'[{"changed": {"fields": ["Logo"]}}]',11,1,'2023-05-08 08:33:06.724137');
INSERT INTO "django_admin_log" VALUES(97,'3','Krishanrajnain',2,'[{"changed": {"fields": ["password"]}}]',4,1,'2023-05-10 10:52:38.316688');
INSERT INTO "django_admin_log" VALUES(98,'3','Krishanrajnain',2,'[]',4,1,'2023-05-10 10:52:47.043421');
CREATE UNIQUE INDEX "auth_group_permissions_group_id_permission_id_0cd325b0_uniq" ON "auth_group_permissions" ("group_id", "permission_id");
CREATE INDEX IF NOT EXISTS "auth_group_permissions_group_id_b120cbf9" ON "auth_group_permissions" ("group_id");
CREATE INDEX IF NOT EXISTS "auth_group_permissions_permission_id_84c5c92e" ON "auth_group_permissions" ("permission_id");
CREATE UNIQUE INDEX "auth_user_groups_user_id_group_id_94350c0c_uniq" ON "auth_user_groups" ("user_id", "group_id");
CREATE INDEX IF NOT EXISTS "auth_user_groups_user_id_6a12ed8b" ON "auth_user_groups" ("user_id");
CREATE INDEX IF NOT EXISTS "auth_user_groups_group_id_97559544" ON "auth_user_groups" ("group_id");
CREATE UNIQUE INDEX "auth_user_user_permissions_user_id_permission_id_14a6b632_uniq" ON "auth_user_user_permissions" ("user_id", "permission_id");
CREATE INDEX IF NOT EXISTS "auth_user_user_permissions_user_id_a95ead1b" ON "auth_user_user_permissions" ("user_id");
CREATE INDEX IF NOT EXISTS "auth_user_user_permissions_permission_id_1fbb5f2c" ON "auth_user_user_permissions" ("permission_id");
CREATE INDEX IF NOT EXISTS "django_admin_log_content_type_id_c4bce8eb" ON "django_admin_log" ("content_type_id");
CREATE INDEX IF NOT EXISTS "django_admin_log_user_id_c564eba6" ON "django_admin_log" ("user_id");
CREATE UNIQUE INDEX "django_content_type_app_label_model_76bd3d3b_uniq" ON "django_content_type" ("app_label", "model");
CREATE UNIQUE INDEX "auth_permission_content_type_id_codename_01ab375a_uniq" ON "auth_permission" ("content_type_id", "codename");
CREATE INDEX IF NOT EXISTS "auth_permission_content_type_id_2f476e4b" ON "auth_permission" ("content_type_id");
CREATE INDEX IF NOT EXISTS "django_session_expire_date_a5c62663" ON "django_session" ("expire_date");
CREATE INDEX IF NOT EXISTS "app_learning_point_course_id_0e781780" ON "app_learning_point" ("course_id");
CREATE INDEX IF NOT EXISTS "app_requirement_point_course_id_841845a5" ON "app_requirement_point" ("course_id");
CREATE INDEX IF NOT EXISTS "app_usercourse_course_id_2dbf1e09" ON "app_usercourse" ("course_id");
CREATE INDEX IF NOT EXISTS "app_usercourse_user_id_f3827ad3" ON "app_usercourse" ("user_id");
CREATE INDEX IF NOT EXISTS "app_courses_Author_id_760bb8eb" ON "app_courses" ("Author_id");
CREATE INDEX IF NOT EXISTS "app_courses_category_id_ce07a76a" ON "app_courses" ("category_id");
CREATE INDEX IF NOT EXISTS "app_courses_level_id_57105f21" ON "app_courses" ("level_id");
CREATE INDEX IF NOT EXISTS "app_courses_slug_0094ef84" ON "app_courses" ("slug");
CREATE UNIQUE INDEX "app_usercourse_user_id_course_id_631d7ffa_uniq" ON "app_usercourse" ("user_id", "course_id");
CREATE INDEX IF NOT EXISTS "app_lessons_course_id_cdf5758e" ON "app_lessons" ("course_id");
CREATE INDEX IF NOT EXISTS "app_video_course_id_4adbcee9" ON "app_video" ("course_id");
CREATE INDEX IF NOT EXISTS "app_video_lesson_id_a691406e" ON "app_video" ("lesson_id");
CREATE TABLE IF NOT EXISTS "django_content_type" ("id" integer NOT NULL PRIMARY KEY AUTOINCREMENT, "app_label" varchar(100) NOT NULL, "model" varchar(100) NOT NULL);
INSERT INTO "django_content_type" VALUES(1,'admin','logentry');
INSERT INTO "django_content_type" VALUES(2,'auth','permission');
INSERT INTO "django_content_type" VALUES(3,'auth','group');
INSERT INTO "django_content_type" VALUES(4,'auth','user');
INSERT INTO "django_content_type" VALUES(5,'contenttypes','contenttype');
INSERT INTO "django_content_type" VALUES(6,'sessions','session');
INSERT INTO "django_content_type" VALUES(7,'app','categories');
INSERT INTO "django_content_type" VALUES(8,'app','author');
INSERT INTO "django_content_type" VALUES(9,'app','courses');
INSERT INTO "django_content_type" VALUES(10,'app','level');
INSERT INTO "django_content_type" VALUES(11,'app','institute');
INSERT INTO "django_content_type" VALUES(12,'app','learning_point');
INSERT INTO "django_content_type" VALUES(13,'app','requirement_point');
INSERT INTO "django_content_type" VALUES(14,'app','lessons');
INSERT INTO "django_content_type" VALUES(15,'app','video');
INSERT INTO "django_content_type" VALUES(16,'app','usercourse');
INSERT INTO "django_content_type" VALUES(17,'app','news_notices');
INSERT INTO "django_content_type" VALUES(18,'app','partners');
INSERT INTO "django_content_type" VALUES(19,'app','testimonials');
INSERT INTO "django_content_type" VALUES(20,'app','upcoming_events');
INSERT INTO "django_content_type" VALUES(21,'instructors','instructors');
CREATE UNIQUE INDEX "auth_group_permissions_group_id_permission_id_0cd325b0_uniq" ON "auth_group_permissions" ("group_id", "permission_id");
CREATE INDEX IF NOT EXISTS "auth_group_permissions_group_id_b120cbf9" ON "auth_group_permissions" ("group_id");
CREATE INDEX IF NOT EXISTS "auth_group_permissions_permission_id_84c5c92e" ON "auth_group_permissions" ("permission_id");
CREATE UNIQUE INDEX "auth_user_groups_user_id_group_id_94350c0c_uniq" ON "auth_user_groups" ("user_id", "group_id");
CREATE INDEX IF NOT EXISTS "auth_user_groups_user_id_6a12ed8b" ON "auth_user_groups" ("user_id");
CREATE INDEX IF NOT EXISTS "auth_user_groups_group_id_97559544" ON "auth_user_groups" ("group_id");
CREATE UNIQUE INDEX "auth_user_user_permissions_user_id_permission_id_14a6b632_uniq" ON "auth_user_user_permissions" ("user_id", "permission_id");
CREATE INDEX IF NOT EXISTS "auth_user_user_permissions_user_id_a95ead1b" ON "auth_user_user_permissions" ("user_id");
CREATE INDEX IF NOT EXISTS "auth_user_user_permissions_permission_id_1fbb5f2c" ON "auth_user_user_permissions" ("permission_id");
CREATE INDEX IF NOT EXISTS "django_admin_log_content_type_id_c4bce8eb" ON "django_admin_log" ("content_type_id");
CREATE INDEX IF NOT EXISTS "django_admin_log_user_id_c564eba6" ON "django_admin_log" ("user_id");
CREATE UNIQUE INDEX "django_content_type_app_label_model_76bd3d3b_uniq" ON "django_content_type" ("app_label", "model");
CREATE UNIQUE INDEX "auth_permission_content_type_id_codename_01ab375a_uniq" ON "auth_permission" ("content_type_id", "codename");
CREATE INDEX IF NOT EXISTS "auth_permission_content_type_id_2f476e4b" ON "auth_permission" ("content_type_id");
CREATE INDEX IF NOT EXISTS "django_session_expire_date_a5c62663" ON "django_session" ("expire_date");
CREATE INDEX IF NOT EXISTS "app_learning_point_course_id_0e781780" ON "app_learning_point" ("course_id");
CREATE INDEX IF NOT EXISTS "app_requirement_point_course_id_841845a5" ON "app_requirement_point" ("course_id");
CREATE INDEX IF NOT EXISTS "app_usercourse_course_id_2dbf1e09" ON "app_usercourse" ("course_id");
CREATE INDEX IF NOT EXISTS "app_usercourse_user_id_f3827ad3" ON "app_usercourse" ("user_id");
CREATE INDEX IF NOT EXISTS "app_courses_Author_id_760bb8eb" ON "app_courses" ("Author_id");
CREATE INDEX IF NOT EXISTS "app_courses_category_id_ce07a76a" ON "app_courses" ("category_id");
CREATE INDEX IF NOT EXISTS "app_courses_level_id_57105f21" ON "app_courses" ("level_id");
CREATE INDEX IF NOT EXISTS "app_courses_slug_0094ef84" ON "app_courses" ("slug");
CREATE UNIQUE INDEX "app_usercourse_user_id_course_id_631d7ffa_uniq" ON "app_usercourse" ("user_id", "course_id");
CREATE INDEX IF NOT EXISTS "app_lessons_course_id_cdf5758e" ON "app_lessons" ("course_id");
CREATE INDEX IF NOT EXISTS "app_video_course_id_4adbcee9" ON "app_video" ("course_id");
CREATE INDEX IF NOT EXISTS "app_video_lesson_id_a691406e" ON "app_video" ("lesson_id");
CREATE TABLE IF NOT EXISTS "django_migrations" ("id" integer NOT NULL PRIMARY KEY AUTOINCREMENT, "app" varchar(255) NOT NULL, "name" varchar(255) NOT NULL, "applied" datetime NOT NULL);
INSERT INTO "django_migrations" VALUES(1,'contenttypes','0001_initial','2023-04-09 06:22:35.093407');
INSERT INTO "django_migrations" VALUES(2,'auth','0001_initial','2023-04-09 06:22:35.103513');
INSERT INTO "django_migrations" VALUES(3,'admin','0001_initial','2023-04-09 06:22:35.109786');
INSERT INTO "django_migrations" VALUES(4,'admin','0002_logentry_remove_auto_add','2023-04-09 06:22:35.118458');
INSERT INTO "django_migrations" VALUES(5,'admin','0003_logentry_add_action_flag_choices','2023-04-09 06:22:35.122656');
INSERT INTO "django_migrations" VALUES(6,'contenttypes','0002_remove_content_type_name','2023-04-09 06:22:35.136184');
INSERT INTO "django_migrations" VALUES(7,'auth','0002_alter_permission_name_max_length','2023-04-09 06:22:35.143463');
INSERT INTO "django_migrations" VALUES(8,'auth','0003_alter_user_email_max_length','2023-04-09 06:22:35.150254');
INSERT INTO "django_migrations" VALUES(9,'auth','0004_alter_user_username_opts','2023-04-09 06:22:35.154130');
INSERT INTO "django_migrations" VALUES(10,'auth','0005_alter_user_last_login_null','2023-04-09 06:22:35.161302');
INSERT INTO "django_migrations" VALUES(11,'auth','0006_require_contenttypes_0002','2023-04-09 06:22:35.162224');
INSERT INTO "django_migrations" VALUES(12,'auth','0007_alter_validators_add_error_messages','2023-04-09 06:22:35.166296');
INSERT INTO "django_migrations" VALUES(13,'auth','0008_alter_user_username_max_length','2023-04-09 06:22:35.173123');
INSERT INTO "django_migrations" VALUES(14,'auth','0009_alter_user_last_name_max_length','2023-04-09 06:22:35.181279');
INSERT INTO "django_migrations" VALUES(15,'auth','0010_alter_group_name_max_length','2023-04-09 06:22:35.187487');
INSERT INTO "django_migrations" VALUES(16,'auth','0011_update_proxy_permissions','2023-04-09 06:22:35.191759');
INSERT INTO "django_migrations" VALUES(17,'auth','0012_alter_user_first_name_max_length','2023-04-09 06:22:35.198433');
INSERT INTO "django_migrations" VALUES(18,'sessions','0001_initial','2023-04-09 06:22:35.200489');
INSERT INTO "django_migrations" VALUES(19,'app','0001_initial','2023-04-10 04:22:13.560405');
INSERT INTO "django_migrations" VALUES(20,'app','0002_categories_name','2023-04-18 06:10:46.961552');
INSERT INTO "django_migrations" VALUES(21,'app','0003_author_course','2023-04-18 14:26:51.512429');
INSERT INTO "django_migrations" VALUES(22,'app','0004_rename_course_courses','2023-04-18 14:28:59.900580');
INSERT INTO "django_migrations" VALUES(23,'app','0005_class_courses_class','2023-04-19 04:45:52.555084');
INSERT INTO "django_migrations" VALUES(24,'app','0006_rename_class_lavel_rename_class_courses_lavel','2023-04-19 04:50:40.767352');
INSERT INTO "django_migrations" VALUES(25,'app','0007_alter_lavel_name','2023-04-19 04:52:16.018955');
INSERT INTO "django_migrations" VALUES(26,'app','0008_alter_lavel_name','2023-04-19 04:52:16.024111');
INSERT INTO "django_migrations" VALUES(27,'app','0009_rename_lavel_level_rename_lavel_courses_level','2023-04-19 04:53:55.954242');
INSERT INTO "django_migrations" VALUES(28,'app','0010_alter_level_name','2023-04-19 04:56:45.995356');
INSERT INTO "django_migrations" VALUES(29,'app','0011_alter_level_name','2023-04-19 04:57:39.573026');
INSERT INTO "django_migrations" VALUES(30,'app','0012_alter_courses_level','2023-04-19 04:59:41.230204');
INSERT INTO "django_migrations" VALUES(31,'app','0013_alter_level_name','2023-04-19 05:00:10.380468');
INSERT INTO "django_migrations" VALUES(32,'app','0014_alter_level_name','2023-04-19 05:01:07.116653');
INSERT INTO "django_migrations" VALUES(33,'app','0015_alter_level_name','2023-04-19 05:05:30.434623');
INSERT INTO "django_migrations" VALUES(34,'app','0016_level_slug_alter_courses_slug','2023-04-19 05:17:17.031588');
INSERT INTO "django_migrations" VALUES(35,'app','0017_institute','2023-04-19 08:33:30.355385');
INSERT INTO "django_migrations" VALUES(36,'app','0018_remove_level_slug','2023-05-02 07:23:45.292694');
INSERT INTO "django_migrations" VALUES(37,'app','0019_alter_author_author_profile_and_more','2023-05-02 08:03:18.759199');
INSERT INTO "django_migrations" VALUES(38,'app','0020_alter_author_author_profile_and_more','2023-05-02 08:06:00.425907');
INSERT INTO "django_migrations" VALUES(39,'app','0021_alter_author_author_profile_and_more','2023-05-02 08:09:30.392925');
INSERT INTO "django_migrations" VALUES(40,'app','0022_learning_point_requirement_point_and_more','2023-05-03 06:02:03.397244');
INSERT INTO "django_migrations" VALUES(41,'app','0023_learning_point_course_requirement_point_course_and_more','2023-05-03 06:08:44.459793');
INSERT INTO "django_migrations" VALUES(42,'app','0024_lessons_video','2023-05-03 06:46:55.996032');
INSERT INTO "django_migrations" VALUES(43,'app','0025_alter_video_time_duration','2023-05-03 07:56:16.702897');
INSERT INTO "django_migrations" VALUES(44,'app','0026_author_author_role','2023-05-03 08:18:17.351212');
INSERT INTO "django_migrations" VALUES(45,'app','0027_courses_language','2023-05-03 08:27:31.705114');
INSERT INTO "django_migrations" VALUES(46,'app','0028_courses_certificate','2023-05-03 10:01:57.081184');
INSERT INTO "django_migrations" VALUES(47,'app','0029_alter_courses_certificate','2023-05-03 10:02:52.523410');
INSERT INTO "django_migrations" VALUES(48,'app','0030_alter_courses_certificate','2023-05-03 10:04:18.248695');
INSERT INTO "django_migrations" VALUES(49,'app','0031_alter_courses_certificate','2023-05-03 10:05:10.993310');
INSERT INTO "django_migrations" VALUES(50,'app','0032_usercourse','2023-05-03 12:30:04.936422');
INSERT INTO "django_migrations" VALUES(51,'app','0033_alter_courses_slug','2023-05-04 06:57:04.693370');
INSERT INTO "django_migrations" VALUES(52,'app','0034_alter_usercourse_unique_together','2023-05-04 13:34:42.307606');
INSERT INTO "django_migrations" VALUES(53,'app','0035_lessons_description','2023-05-05 04:57:23.907295');
INSERT INTO "django_migrations" VALUES(54,'app','0036_remove_lessons_description_video_description','2023-05-05 04:58:25.720593');
INSERT INTO "django_migrations" VALUES(55,'app','0037_alter_video_time_duration','2023-05-05 05:01:21.884458');
INSERT INTO "django_migrations" VALUES(56,'app','0038_alter_video_time_duration','2023-05-05 05:03:30.984899');
INSERT INTO "django_migrations" VALUES(57,'app','0039_news_notices_partners_testimonials_upcoming_events_and_more','2023-05-08 06:03:36.469546');
INSERT INTO "django_migrations" VALUES(58,'app','0040_institute_sub_text','2023-05-08 06:11:46.731082');
INSERT INTO "django_migrations" VALUES(59,'app','0041_alter_institute_logo','2023-05-08 06:13:35.664617');
INSERT INTO "django_migrations" VALUES(60,'app','0042_alter_institute_logo','2023-05-08 06:15:14.365507');
INSERT INTO "django_migrations" VALUES(61,'app','0043_institute_status','2023-05-08 06:27:54.913331');
INSERT INTO "django_migrations" VALUES(62,'app','0044_testimonials_testi_photo','2023-05-08 06:41:39.990227');
INSERT INTO "django_migrations" VALUES(63,'app','0045_alter_news_notices_documents_and_more','2023-05-08 10:18:24.524355');
INSERT INTO "django_migrations" VALUES(64,'instructors','0001_initial','2023-05-10 11:12:40.923255');
CREATE UNIQUE INDEX "auth_group_permissions_group_id_permission_id_0cd325b0_uniq" ON "auth_group_permissions" ("group_id", "permission_id");
CREATE INDEX IF NOT EXISTS "auth_group_permissions_group_id_b120cbf9" ON "auth_group_permissions" ("group_id");
CREATE INDEX IF NOT EXISTS "auth_group_permissions_permission_id_84c5c92e" ON "auth_group_permissions" ("permission_id");
CREATE UNIQUE INDEX "auth_user_groups_user_id_group_id_94350c0c_uniq" ON "auth_user_groups" ("user_id", "group_id");
CREATE INDEX IF NOT EXISTS "auth_user_groups_user_id_6a12ed8b" ON "auth_user_groups" ("user_id");
CREATE INDEX IF NOT EXISTS "auth_user_groups_group_id_97559544" ON "auth_user_groups" ("group_id");
CREATE UNIQUE INDEX "auth_user_user_permissions_user_id_permission_id_14a6b632_uniq" ON "auth_user_user_permissions" ("user_id", "permission_id");
CREATE INDEX IF NOT EXISTS "auth_user_user_permissions_user_id_a95ead1b" ON "auth_user_user_permissions" ("user_id");
CREATE INDEX IF NOT EXISTS "auth_user_user_permissions_permission_id_1fbb5f2c" ON "auth_user_user_permissions" ("permission_id");
CREATE INDEX IF NOT EXISTS "django_admin_log_content_type_id_c4bce8eb" ON "django_admin_log" ("content_type_id");
CREATE INDEX IF NOT EXISTS "django_admin_log_user_id_c564eba6" ON "django_admin_log" ("user_id");
CREATE UNIQUE INDEX "django_content_type_app_label_model_76bd3d3b_uniq" ON "django_content_type" ("app_label", "model");
CREATE UNIQUE INDEX "auth_permission_content_type_id_codename_01ab375a_uniq" ON "auth_permission" ("content_type_id", "codename");
CREATE INDEX IF NOT EXISTS "auth_permission_content_type_id_2f476e4b" ON "auth_permission" ("content_type_id");
CREATE INDEX IF NOT EXISTS "django_session_expire_date_a5c62663" ON "django_session" ("expire_date");
CREATE INDEX IF NOT EXISTS "app_learning_point_course_id_0e781780" ON "app_learning_point" ("course_id");
CREATE INDEX IF NOT EXISTS "app_requirement_point_course_id_841845a5" ON "app_requirement_point" ("course_id");
CREATE INDEX IF NOT EXISTS "app_usercourse_course_id_2dbf1e09" ON "app_usercourse" ("course_id");
CREATE INDEX IF NOT EXISTS "app_usercourse_user_id_f3827ad3" ON "app_usercourse" ("user_id");
CREATE INDEX IF NOT EXISTS "app_courses_Author_id_760bb8eb" ON "app_courses" ("Author_id");
CREATE INDEX IF NOT EXISTS "app_courses_category_id_ce07a76a" ON "app_courses" ("category_id");
CREATE INDEX IF NOT EXISTS "app_courses_level_id_57105f21" ON "app_courses" ("level_id");
CREATE INDEX IF NOT EXISTS "app_courses_slug_0094ef84" ON "app_courses" ("slug");
CREATE UNIQUE INDEX "app_usercourse_user_id_course_id_631d7ffa_uniq" ON "app_usercourse" ("user_id", "course_id");
CREATE INDEX IF NOT EXISTS "app_lessons_course_id_cdf5758e" ON "app_lessons" ("course_id");
CREATE INDEX IF NOT EXISTS "app_video_course_id_4adbcee9" ON "app_video" ("course_id");
CREATE INDEX IF NOT EXISTS "app_video_lesson_id_a691406e" ON "app_video" ("lesson_id");
CREATE TABLE IF NOT EXISTS "django_session" ("session_key" varchar(40) NOT NULL PRIMARY KEY, "session_data" text NOT NULL, "expire_date" datetime NOT NULL);
INSERT INTO "django_session" VALUES('6kpdsyjgfhdgiy2gerct4ea6g4p0qc9u','.eJxVjMsOwiAQRf-FtSFApzxcuvcbyMBMpWogKe3K-O_apAvd3nPOfYmI21ri1nmJM4mz0OL0uyXMD647oDvWW5O51XWZk9wVedAur434eTncv4OCvXxr49xIHoIGD-yy40xKg2MzMFhreEhKBWKPE00m-JBHqxAykAb0ypF4fwDKejeD:1ptohU:O7XzSxoSx_CJzAoqrl8WMNg1J1zD4TSyn7OSc4ROb30','2023-05-16 12:01:44.944061');
INSERT INTO "django_session" VALUES('hpcb8qm7wu3jjoyeflayr8f951fv2ikn','.eJxVjMsOwiAQRf-FtSFApzxcuvcbyMBMpWogKe3K-O_apAvd3nPOfYmI21ri1nmJM4mz0OL0uyXMD647oDvWW5O51XWZk9wVedAur434eTncv4OCvXxr49xIHoIGD-yy40xKg2MzMFhreEhKBWKPE00m-JBHqxAykAb0ypF4fwDKejeD:1puqZv:RBmYls8XgAwy400us-kEG4uZJBT2KUsb4IrgGoQB8ks','2023-05-19 08:14:11.637823');
INSERT INTO "django_session" VALUES('f4nk4bl5huu0wfse5o7wbqdwarxajnn4','e30:1pwhLB:iK3E_4wZ0waXKCZgDbnDH6L4QszkLQCvsowp6RLdhpU','2023-05-24 10:46:37.650457');
INSERT INTO "django_session" VALUES('noi6e2j0wulsohseg850527kmljyjem9','e30:1pwhLL:zRzXESEy3K_Bm4IEso_Jor3gC5DD75WiFUgDpjBnxuo','2023-05-24 10:46:47.697657');
INSERT INTO "django_session" VALUES('ge809g9mprs9v3rn8q9ib3b9do47hf0r','e30:1pwhLW:dmkF5s0TrGOu9O9nGrPmH5TjNxRdEvEJ7hmaM9e7q2Y','2023-05-24 10:46:58.509051');
INSERT INTO "django_session" VALUES('ckjb66cqcmmz5etbpdsxg4zn6fic48y0','.eJxVjMsOwiAQRf-FtSFApzxcuvcbyMBMpWogKe3K-O_apAvd3nPOfYmI21ri1nmJM4mz0OL0uyXMD647oDvWW5O51XWZk9wVedAur434eTncv4OCvXxr49xIHoIGD-yy40xKg2MzMFhreEhKBWKPE00m-JBHqxAykAb0ypF4fwDKejeD:1pwhUW:WDUKpFOL--pd87q23NdkKte0I42xN3tEfv0I-F6DKPw','2023-05-24 10:56:16.932335');
INSERT INTO "django_session" VALUES('fsed7roxpkceidzg4cnm19tif72elft9','.eJxVjMsOwiAQRf-FtSFApzxcuvcbyMBMpWogKe3K-O_apAvd3nPOfYmI21ri1nmJM4mz0OL0uyXMD647oDvWW5O51XWZk9wVedAur434eTncv4OCvXxr49xIHoIGD-yy40xKg2MzMFhreEhKBWKPE00m-JBHqxAykAb0ypF4fwDKejeD:1pwhX6:37TCo244iwEcpOLfH250U_UzBpBNptPF3KFtw4Nbkek','2023-05-24 10:58:56.877513');
INSERT INTO "django_session" VALUES('a0cl3vcmebg2gm09eyazym8v03s5wyen','.eJxVjMsOwiAQRf-FtSFApzxcuvcbyMBMpWogKe3K-O_apAvd3nPOfYmI21ri1nmJM4mz0OL0uyXMD647oDvWW5O51XWZk9wVedAur434eTncv4OCvXxr49xIHoIGD-yy40xKg2MzMFhreEhKBWKPE00m-JBHqxAykAb0ypF4fwDKejeD:1pwj9B:vl5N9rVHLkL_XMC0gSh4hOfKOSnxJdsHJvxrl224oIM','2023-05-24 12:42:21.043748');
INSERT INTO "django_session" VALUES('aepvi0xaa8zgifbbop78xzw8xb2403lk','.eJxVjMsOwiAQRf-FtSFApzxcuvcbyMBMpWogKe3K-O_apAvd3nPOfYmI21ri1nmJM4mz0OL0uyXMD647oDvWW5O51XWZk9wVedAur434eTncv4OCvXxr49xIHoIGD-yy40xKg2MzMFhreEhKBWKPE00m-JBHqxAykAb0ypF4fwDKejeD:1pwlCH:rjlEPUuVvBKheMkbhDvykRbhvReGncEw1ifJF3HLQz8','2023-05-24 14:53:41.125412');
CREATE UNIQUE INDEX "auth_group_permissions_group_id_permission_id_0cd325b0_uniq" ON "auth_group_permissions" ("group_id", "permission_id");
CREATE INDEX IF NOT EXISTS "auth_group_permissions_group_id_b120cbf9" ON "auth_group_permissions" ("group_id");
CREATE INDEX IF NOT EXISTS "auth_group_permissions_permission_id_84c5c92e" ON "auth_group_permissions" ("permission_id");
CREATE UNIQUE INDEX "auth_user_groups_user_id_group_id_94350c0c_uniq" ON "auth_user_groups" ("user_id", "group_id");
CREATE INDEX IF NOT EXISTS "auth_user_groups_user_id_6a12ed8b" ON "auth_user_groups" ("user_id");
CREATE INDEX IF NOT EXISTS "auth_user_groups_group_id_97559544" ON "auth_user_groups" ("group_id");
CREATE UNIQUE INDEX "auth_user_user_permissions_user_id_permission_id_14a6b632_uniq" ON "auth_user_user_permissions" ("user_id", "permission_id");
CREATE INDEX IF NOT EXISTS "auth_user_user_permissions_user_id_a95ead1b" ON "auth_user_user_permissions" ("user_id");
CREATE INDEX IF NOT EXISTS "auth_user_user_permissions_permission_id_1fbb5f2c" ON "auth_user_user_permissions" ("permission_id");
CREATE INDEX IF NOT EXISTS "django_admin_log_content_type_id_c4bce8eb" ON "django_admin_log" ("content_type_id");
CREATE INDEX IF NOT EXISTS "django_admin_log_user_id_c564eba6" ON "django_admin_log" ("user_id");
CREATE UNIQUE INDEX "django_content_type_app_label_model_76bd3d3b_uniq" ON "django_content_type" ("app_label", "model");
CREATE UNIQUE INDEX "auth_permission_content_type_id_codename_01ab375a_uniq" ON "auth_permission" ("content_type_id", "codename");
CREATE INDEX IF NOT EXISTS "auth_permission_content_type_id_2f476e4b" ON "auth_permission" ("content_type_id");
CREATE INDEX IF NOT EXISTS "django_session_expire_date_a5c62663" ON "django_session" ("expire_date");
CREATE INDEX IF NOT EXISTS "app_learning_point_course_id_0e781780" ON "app_learning_point" ("course_id");
CREATE INDEX IF NOT EXISTS "app_requirement_point_course_id_841845a5" ON "app_requirement_point" ("course_id");
CREATE INDEX IF NOT EXISTS "app_usercourse_course_id_2dbf1e09" ON "app_usercourse" ("course_id");
CREATE INDEX IF NOT EXISTS "app_usercourse_user_id_f3827ad3" ON "app_usercourse" ("user_id");
CREATE INDEX IF NOT EXISTS "app_courses_Author_id_760bb8eb" ON "app_courses" ("Author_id");
CREATE INDEX IF NOT EXISTS "app_courses_category_id_ce07a76a" ON "app_courses" ("category_id");
CREATE INDEX IF NOT EXISTS "app_courses_level_id_57105f21" ON "app_courses" ("level_id");
CREATE INDEX IF NOT EXISTS "app_courses_slug_0094ef84" ON "app_courses" ("slug");
CREATE UNIQUE INDEX "app_usercourse_user_id_course_id_631d7ffa_uniq" ON "app_usercourse" ("user_id", "course_id");
CREATE INDEX IF NOT EXISTS "app_lessons_course_id_cdf5758e" ON "app_lessons" ("course_id");
CREATE INDEX IF NOT EXISTS "app_video_course_id_4adbcee9" ON "app_video" ("course_id");
CREATE INDEX IF NOT EXISTS "app_video_lesson_id_a691406e" ON "app_video" ("lesson_id");
CREATE TABLE IF NOT EXISTS "instructors_instructors" ("id" integer NOT NULL PRIMARY KEY AUTOINCREMENT, "name" varchar(200) NOT NULL, "designation" varchar(200) NOT NULL, "image" varchar(100) NOT NULL, "description" text NOT NULL);
CREATE UNIQUE INDEX "auth_group_permissions_group_id_permission_id_0cd325b0_uniq" ON "auth_group_permissions" ("group_id", "permission_id");
CREATE INDEX IF NOT EXISTS "auth_group_permissions_group_id_b120cbf9" ON "auth_group_permissions" ("group_id");
CREATE INDEX IF NOT EXISTS "auth_group_permissions_permission_id_84c5c92e" ON "auth_group_permissions" ("permission_id");
CREATE UNIQUE INDEX "auth_user_groups_user_id_group_id_94350c0c_uniq" ON "auth_user_groups" ("user_id", "group_id");
CREATE INDEX IF NOT EXISTS "auth_user_groups_user_id_6a12ed8b" ON "auth_user_groups" ("user_id");
CREATE INDEX IF NOT EXISTS "auth_user_groups_group_id_97559544" ON "auth_user_groups" ("group_id");
CREATE UNIQUE INDEX "auth_user_user_permissions_user_id_permission_id_14a6b632_uniq" ON "auth_user_user_permissions" ("user_id", "permission_id");
CREATE INDEX IF NOT EXISTS "auth_user_user_permissions_user_id_a95ead1b" ON "auth_user_user_permissions" ("user_id");
CREATE INDEX IF NOT EXISTS "auth_user_user_permissions_permission_id_1fbb5f2c" ON "auth_user_user_permissions" ("permission_id");
CREATE INDEX IF NOT EXISTS "django_admin_log_content_type_id_c4bce8eb" ON "django_admin_log" ("content_type_id");
CREATE INDEX IF NOT EXISTS "django_admin_log_user_id_c564eba6" ON "django_admin_log" ("user_id");
CREATE UNIQUE INDEX "django_content_type_app_label_model_76bd3d3b_uniq" ON "django_content_type" ("app_label", "model");
CREATE UNIQUE INDEX "auth_permission_content_type_id_codename_01ab375a_uniq" ON "auth_permission" ("content_type_id", "codename");
CREATE INDEX IF NOT EXISTS "auth_permission_content_type_id_2f476e4b" ON "auth_permission" ("content_type_id");
CREATE INDEX IF NOT EXISTS "django_session_expire_date_a5c62663" ON "django_session" ("expire_date");
CREATE INDEX IF NOT EXISTS "app_learning_point_course_id_0e781780" ON "app_learning_point" ("course_id");
CREATE INDEX IF NOT EXISTS "app_requirement_point_course_id_841845a5" ON "app_requirement_point" ("course_id");
CREATE INDEX IF NOT EXISTS "app_usercourse_course_id_2dbf1e09" ON "app_usercourse" ("course_id");
CREATE INDEX IF NOT EXISTS "app_usercourse_user_id_f3827ad3" ON "app_usercourse" ("user_id");
CREATE INDEX IF NOT EXISTS "app_courses_Author_id_760bb8eb" ON "app_courses" ("Author_id");
CREATE INDEX IF NOT EXISTS "app_courses_category_id_ce07a76a" ON "app_courses" ("category_id");
CREATE INDEX IF NOT EXISTS "app_courses_level_id_57105f21" ON "app_courses" ("level_id");
CREATE INDEX IF NOT EXISTS "app_courses_slug_0094ef84" ON "app_courses" ("slug");
CREATE UNIQUE INDEX "app_usercourse_user_id_course_id_631d7ffa_uniq" ON "app_usercourse" ("user_id", "course_id");
CREATE INDEX IF NOT EXISTS "app_lessons_course_id_cdf5758e" ON "app_lessons" ("course_id");
CREATE INDEX IF NOT EXISTS "app_video_course_id_4adbcee9" ON "app_video" ("course_id");
CREATE INDEX IF NOT EXISTS "app_video_lesson_id_a691406e" ON "app_video" ("lesson_id");
